Objects,Architecture,Effects,Resolution,Time
1000,CPU,xx-TR-RE,1920x1080,5.89
4000,CPU,AA-TR-xx,1280x720,33.85
16000,APU,AA-TR-xx,1280x720,19.88
4000,GPU,AA-TR-xx,1280x720,14.65
16000,APU,xx-TR-RE,1920x1080,15.49
4000,APU,AA-xx-RE,1440x900,12.55
65000,GPU,xx-xx-RE,1920x1080,34.38
4000,APU,xx-xx-xx,1920x1080,4.89
16000,CPU,AA-TR-RE,1280x720,99.12
65000,APU,xx-xx-RE,1280x720,9.00
4000,CPU,AA-xx-RE,1280x720,28.64
260000,APU,xx-TR-RE,1440x900,53.04
1000,CPU,xx-TR-RE,1920x1080,5.88
16000,CPU,AA-TR-RE,1280x720,99.31
65000,APU,xx-TR-RE,1440x900,24.49
16000,CPU,xx-TR-RE,1280x720,19.88
1000,GPU,xx-TR-xx,1280x720,1.26
260000,APU,AA-xx-RE,1920x1080,124.75
1000,GPU,AA-xx-RE,1280x720,4.71
4000,CPU,xx-TR-RE,1440x900,10.76
260000,APU,xx-xx-RE,1280x720,20.09
65000,APU,xx-xx-RE,1440x900,11.11
260000,CPU,xx-xx-xx,1440x900,46.25
260000,GPU,AA-TR-xx,1280x720,321.98
16000,GPU,AA-TR-RE,1920x1080,159.12
1000,GPU,AA-TR-xx,1920x1080,6.46
4000,CPU,AA-TR-xx,1920x1080,53.79
16000,GPU,AA-xx-xx,1280x720,16.27
4000,APU,AA-TR-xx,1440x900,11.86
65000,CPU,xx-xx-RE,1440x900,25.74
16000,CPU,xx-TR-RE,1920x1080,31.36
4000,CPU,AA-TR-RE,1440x900,53.02
4000,CPU,AA-xx-RE,1440x900,38.30
4000,CPU,AA-xx-xx,1280x720,24.35
1000,GPU,xx-TR-xx,1280x720,1.39
1000,GPU,AA-TR-RE,1440x900,7.67
260000,APU,AA-xx-xx,1920x1080,54.90
1000,CPU,AA-xx-RE,1920x1080,25.34
1000,GPU,xx-xx-xx,1920x1080,1.22
4000,CPU,AA-xx-RE,1920x1080,47.62
1000,CPU,xx-TR-xx,1280x720,3.71
16000,APU,xx-TR-RE,1440x900,13.14
65000,APU,xx-TR-xx,1920x1080,11.65
16000,CPU,AA-TR-RE,1440x900,130.20
260000,GPU,xx-TR-RE,1920x1080,257.82
16000,GPU,AA-TR-RE,1920x1080,159.96
16000,APU,xx-xx-xx,1280x720,4.60
260000,GPU,xx-TR-RE,1280x720,170.34
260000,GPU,AA-xx-xx,1920x1080,260.17
16000,GPU,xx-xx-RE,1280x720,8.54
65000,CPU,xx-xx-RE,1920x1080,32.71
1000,GPU,xx-TR-xx,1280x720,1.22
1000,APU,xx-TR-xx,1440x900,4.27
65000,APU,xx-xx-xx,1440x900,6.88
65000,GPU,xx-xx-RE,1920x1080,34.38
4000,CPU,AA-TR-xx,1440x900,44.32
16000,GPU,AA-xx-RE,1920x1080,64.79
260000,CPU,xx-TR-xx,1440x900,64.14
65000,APU,xx-xx-RE,1280x720,9.16
1000,CPU,xx-TR-xx,1280x720,3.69
1000,CPU,xx-xx-xx,1440x900,3.97
1000,APU,xx-TR-xx,1920x1080,4.13
65000,APU,AA-TR-xx,1440x900,36.90
4000,GPU,AA-xx-RE,1920x1080,19.82
65000,CPU,xx-xx-RE,1440x900,25.69
260000,APU,xx-xx-xx,1920x1080,14.98
1000,CPU,xx-xx-xx,1920x1080,4.95
260000,APU,AA-TR-RE,1440x900,252.05
260000,CPU,AA-TR-xx,1440x900,314.70
65000,APU,xx-xx-RE,1440x900,11.54
4000,APU,xx-TR-xx,1440x900,5.46
65000,APU,AA-TR-xx,1440x900,36.03
16000,CPU,AA-xx-xx,1920x1080,64.95
16000,CPU,xx-xx-xx,1920x1080,13.09
260000,CPU,xx-xx-xx,1440x900,46.39
16000,GPU,xx-xx-RE,1920x1080,13.30
260000,GPU,xx-xx-xx,1440x900,47.32
16000,GPU,xx-xx-RE,1440x900,11.31
16000,GPU,xx-TR-xx,1440x900,10.41
4000,APU,AA-TR-RE,1280x720,17.10
16000,APU,xx-TR-xx,1280x720,6.22
1000,CPU,AA-TR-RE,1440x900,24.17
16000,CPU,xx-xx-RE,1920x1080,18.12
4000,CPU,xx-TR-xx,1440x900,8.95
65000,CPU,xx-xx-xx,1440x900,18.18
1000,CPU,AA-TR-RE,1920x1080,28.93
260000,CPU,AA-xx-xx,1440x900,226.57
1000,GPU,xx-TR-RE,1920x1080,1.95
65000,APU,AA-TR-RE,1920x1080,135.59
260000,APU,AA-xx-RE,1920x1080,124.67
65000,GPU,xx-xx-RE,1280x720,21.33
65000,GPU,AA-TR-RE,1280x720,284.80
260000,GPU,xx-TR-RE,1440x900,213.49
65000,CPU,xx-TR-RE,1280x720,34.93
16000,APU,xx-xx-xx,1280x720,4.66
65000,CPU,AA-TR-xx,1280x720,105.66
4000,CPU,xx-xx-xx,1440x900,6.57
1000,GPU,xx-xx-xx,1280x720,1.04
65000,GPU,xx-TR-xx,1440x900,24.53
4000,GPU,xx-TR-xx,1440x900,3.83
260000,GPU,AA-TR-RE,1440x900,1056.43
260000,GPU,AA-TR-RE,1440x900,1056.61
1000,GPU,xx-xx-xx,1920x1080,1.34
4000,GPU,AA-xx-xx,1280x720,7.42
260000,CPU,xx-TR-RE,1920x1080,127.90
1000,GPU,xx-xx-RE,1440x900,1.41
16000,GPU,xx-TR-RE,1440x900,28.65
16000,CPU,AA-TR-RE,1280x720,99.10
260000,GPU,AA-TR-RE,1280x720,837.53
4000,GPU,xx-TR-xx,1440x900,3.81
1000,GPU,xx-TR-RE,1920x1080,2.09
16000,GPU,xx-xx-RE,1280x720,8.59
16000,APU,AA-xx-RE,1920x1080,30.58
4000,GPU,xx-TR-RE,1280x720,5.57
65000,APU,AA-TR-xx,1920x1080,43.97
65000,GPU,xx-xx-xx,1920x1080,14.36
4000,CPU,AA-TR-RE,1280x720,40.66
260000,APU,xx-xx-RE,1920x1080,28.53
260000,GPU,AA-TR-RE,1440x900,1052.57
65000,GPU,AA-TR-xx,1440x900,120.73
16000,GPU,AA-xx-xx,1440x900,20.57
16000,APU,AA-TR-RE,1280x720,43.80
260000,GPU,xx-xx-xx,1440x900,47.30
1000,CPU,AA-TR-xx,1280x720,18.18
65000,CPU,AA-TR-RE,1280x720,173.25
16000,APU,xx-TR-xx,1440x900,7.20
260000,CPU,AA-TR-RE,1920x1080,634.05
65000,APU,xx-TR-xx,1280x720,8.76
260000,CPU,xx-TR-RE,1280x720,81.39
1000,CPU,xx-TR-RE,1440x900,4.90
65000,GPU,AA-TR-RE,1920x1080,456.91
260000,GPU,AA-TR-xx,1280x720,322.58
1000,APU,xx-xx-RE,1920x1080,4.40
260000,CPU,AA-xx-RE,1280x720,239.13
65000,APU,xx-xx-xx,1280x720,6.29
260000,APU,AA-xx-xx,1280x720,39.93
65000,GPU,xx-xx-xx,1920x1080,14.40
1000,APU,AA-xx-RE,1920x1080,7.97
4000,GPU,xx-xx-xx,1440x900,2.16
4000,CPU,AA-xx-RE,1920x1080,47.60
260000,CPU,xx-TR-RE,1920x1080,128.00
260000,CPU,AA-TR-RE,1280x720,402.46
65000,CPU,xx-TR-xx,1280x720,21.40
65000,CPU,xx-xx-RE,1920x1080,32.63
260000,APU,AA-TR-RE,1920x1080,307.32
16000,APU,AA-TR-xx,1440x900,22.73
65000,APU,AA-TR-RE,1920x1080,136.74
260000,GPU,AA-xx-RE,1440x900,438.22
4000,CPU,AA-TR-xx,1280x720,33.80
1000,APU,AA-TR-RE,1920x1080,9.55
4000,APU,xx-xx-xx,1440x900,4.37
260000,GPU,AA-TR-RE,1920x1080,1266.36
260000,APU,AA-TR-RE,1920x1080,309.37
260000,GPU,xx-xx-xx,1920x1080,53.34
65000,CPU,xx-TR-xx,1440x900,27.71
260000,APU,xx-xx-xx,1280x720,11.75
65000,CPU,AA-xx-RE,1280x720,94.06
4000,APU,xx-xx-RE,1440x900,5.03
1000,CPU,AA-xx-xx,1440x900,19.51
260000,CPU,xx-xx-RE,1440x900,61.74
4000,CPU,xx-xx-xx,1440x900,6.61
260000,GPU,AA-xx-xx,1920x1080,258.81
65000,CPU,xx-TR-RE,1920x1080,59.43
16000,CPU,xx-xx-RE,1440x900,14.27
16000,CPU,AA-xx-xx,1440x900,50.18
65000,GPU,AA-TR-RE,1440x900,377.61
1000,GPU,AA-xx-RE,1280x720,4.54
4000,GPU,xx-TR-RE,1280x720,5.50
65000,GPU,xx-TR-RE,1440x900,76.35
16000,CPU,AA-TR-xx,1920x1080,104.10
1000,APU,AA-TR-RE,1440x900,8.70
4000,GPU,AA-xx-xx,1280x720,7.39
1000,GPU,xx-xx-RE,1920x1080,1.51
65000,CPU,AA-TR-RE,1440x900,234.49
1000,APU,xx-xx-xx,1280x720,3.48
16000,GPU,xx-TR-RE,1280x720,22.35
4000,CPU,xx-xx-RE,1440x900,7.72
260000,APU,xx-xx-RE,1920x1080,28.64
4000,CPU,xx-xx-xx,1280x720,4.94
4000,APU,xx-TR-xx,1440x900,5.37
1000,CPU,AA-TR-RE,1280x720,19.52
1000,APU,AA-xx-xx,1920x1080,6.72
1000,GPU,AA-TR-xx,1280x720,5.26
1000,GPU,AA-xx-RE,1440x900,5.53
16000,GPU,AA-xx-xx,1440x900,20.58
65000,CPU,xx-xx-RE,1440x900,25.65
260000,GPU,AA-xx-xx,1280x720,193.49
65000,CPU,xx-TR-xx,1280x720,21.47
16000,CPU,xx-TR-xx,1440x900,17.06
65000,GPU,AA-xx-RE,1280x720,103.36
4000,APU,xx-TR-RE,1440x900,6.41
260000,GPU,xx-xx-xx,1920x1080,53.09
1000,GPU,xx-TR-RE,1920x1080,2.12
16000,GPU,AA-TR-RE,1280x720,110.11
1000,GPU,xx-TR-RE,1920x1080,2.02
4000,CPU,AA-xx-xx,1920x1080,40.80
1000,APU,AA-xx-RE,1280x720,6.72
260000,GPU,xx-xx-xx,1920x1080,53.08
16000,CPU,xx-TR-xx,1920x1080,20.86
1000,CPU,AA-TR-xx,1280x720,18.14
1000,GPU,AA-TR-RE,1920x1080,8.37
16000,APU,xx-xx-RE,1440x900,7.41
260000,CPU,xx-TR-RE,1440x900,104.13
260000,GPU,xx-xx-RE,1440x900,89.21
4000,GPU,AA-TR-RE,1280x720,26.48
1000,GPU,xx-xx-xx,1280x720,1.01
260000,GPU,xx-TR-xx,1280x720,65.65
65000,APU,AA-xx-RE,1280x720,32.76
1000,APU,xx-xx-xx,1920x1080,4.10
4000,CPU,xx-TR-xx,1280x720,6.83
65000,APU,AA-TR-xx,1440x900,36.44
1000,CPU,xx-TR-RE,1280x720,3.94
1000,CPU,AA-TR-RE,1920x1080,28.98
4000,GPU,AA-TR-RE,1280x720,26.48
1000,APU,xx-TR-RE,1280x720,3.80
65000,APU,AA-xx-RE,1440x900,43.93
260000,GPU,xx-TR-RE,1920x1080,257.88
16000,GPU,xx-xx-RE,1440x900,11.30
16000,APU,xx-TR-xx,1920x1080,8.23
4000,GPU,xx-xx-xx,1280x720,1.75
65000,APU,AA-xx-xx,1280x720,16.18
65000,APU,AA-xx-RE,1440x900,44.01
260000,GPU,xx-xx-RE,1440x900,89.59
65000,APU,xx-TR-xx,1440x900,10.57
4000,CPU,AA-TR-xx,1920x1080,53.83
65000,CPU,xx-TR-xx,1280x720,21.48
260000,GPU,AA-xx-xx,1280x720,193.25
16000,GPU,AA-TR-xx,1280x720,42.32
260000,APU,AA-TR-RE,1280x720,194.82
1000,APU,AA-xx-xx,1280x720,5.53
1000,CPU,AA-xx-xx,1440x900,19.48
16000,APU,AA-xx-xx,1920x1080,13.79
1000,CPU,xx-xx-RE,1280x720,3.32
1000,CPU,AA-xx-xx,1920x1080,24.04
4000,APU,AA-TR-RE,1440x900,20.26
65000,CPU,AA-xx-RE,1920x1080,161.64
1000,CPU,AA-xx-RE,1440x900,20.78
65000,GPU,xx-xx-RE,1280x720,21.19
4000,APU,xx-xx-RE,1280x720,4.47
65000,GPU,AA-xx-RE,1440x900,137.38
16000,GPU,AA-xx-xx,1440x900,20.42
260000,CPU,AA-xx-RE,1440x900,302.55
16000,APU,AA-xx-RE,1440x900,24.70
65000,CPU,AA-xx-RE,1920x1080,161.75
1000,APU,xx-TR-xx,1920x1080,4.43
65000,APU,AA-xx-RE,1920x1080,55.61
260000,APU,AA-xx-xx,1280x720,40.22
260000,GPU,xx-xx-xx,1440x900,47.59
65000,CPU,AA-TR-xx,1440x900,137.32
16000,APU,AA-xx-RE,1920x1080,30.36
1000,GPU,AA-TR-xx,1440x900,5.94
1000,APU,xx-TR-RE,1280x720,3.86
1000,APU,xx-TR-RE,1440x900,4.25
65000,GPU,AA-xx-xx,1920x1080,68.67
16000,CPU,AA-xx-RE,1920x1080,90.25
1000,CPU,AA-TR-xx,1440x900,22.63
260000,CPU,xx-TR-xx,1280x720,51.95
4000,CPU,xx-xx-xx,1280x720,4.94
1000,CPU,AA-TR-RE,1280x720,19.40
4000,APU,xx-TR-xx,1920x1080,5.53
4000,APU,xx-TR-RE,1920x1080,7.28
4000,APU,xx-xx-xx,1440x900,4.63
65000,CPU,xx-xx-xx,1440x900,18.32
16000,APU,xx-xx-xx,1920x1080,5.70
4000,APU,xx-xx-RE,1440x900,4.69
16000,CPU,xx-xx-xx,1440x900,10.08
4000,CPU,xx-TR-xx,1440x900,8.94
4000,CPU,xx-TR-xx,1440x900,8.92
65000,GPU,xx-TR-RE,1280x720,57.79
1000,CPU,AA-xx-RE,1280x720,16.39
65000,GPU,AA-TR-RE,1280x720,285.26
260000,GPU,xx-xx-RE,1280x720,71.85
4000,APU,xx-xx-RE,1440x900,5.20
260000,CPU,AA-TR-RE,1920x1080,633.73
4000,CPU,xx-xx-RE,1920x1080,9.58
1000,CPU,AA-xx-xx,1440x900,19.40
65000,APU,xx-TR-xx,1440x900,10.38
65000,CPU,xx-xx-RE,1280x720,19.15
65000,APU,xx-TR-xx,1280x720,8.74
1000,APU,AA-xx-RE,1920x1080,7.98
260000,APU,AA-xx-xx,1920x1080,55.05
1000,CPU,xx-TR-xx,1440x900,4.63
1000,GPU,xx-xx-RE,1280x720,1.12
260000,APU,xx-xx-xx,1440x900,13.26
65000,APU,xx-TR-RE,1280x720,18.56
1000,APU,AA-xx-RE,1440x900,7.19
1000,APU,xx-TR-RE,1280x720,3.83
16000,GPU,xx-TR-RE,1920x1080,32.26
4000,GPU,xx-xx-xx,1920x1080,2.48
260000,GPU,AA-xx-xx,1440x900,231.25
1000,GPU,xx-TR-RE,1440x900,1.90
65000,GPU,AA-TR-xx,1440x900,121.15
16000,GPU,AA-xx-RE,1280x720,41.03
4000,APU,AA-xx-xx,1440x900,8.35
65000,CPU,AA-xx-xx,1280x720,69.60
4000,APU,xx-TR-xx,1280x720,4.62
16000,CPU,xx-TR-xx,1920x1080,20.95
1000,GPU,AA-TR-RE,1440x900,7.70
4000,CPU,xx-xx-RE,1280x720,5.75
65000,GPU,AA-TR-RE,1440x900,376.41
1000,GPU,AA-xx-xx,1280x720,3.43
65000,CPU,xx-TR-RE,1280x720,34.93
260000,APU,xx-xx-xx,1440x900,13.35
16000,CPU,AA-xx-RE,1440x900,70.98
4000,CPU,AA-TR-RE,1440x900,53.21
1000,APU,AA-xx-xx,1440x900,6.02
260000,GPU,AA-xx-RE,1440x900,440.12
4000,GPU,xx-TR-RE,1280x720,5.52
1000,CPU,xx-xx-xx,1280x720,3.08
65000,GPU,xx-xx-xx,1280x720,10.31
4000,GPU,xx-TR-xx,1920x1080,4.20
260000,GPU,xx-TR-RE,1920x1080,256.85
1000,CPU,xx-xx-RE,1440x900,4.26
16000,GPU,AA-TR-xx,1920x1080,56.58
16000,CPU,AA-xx-xx,1280x720,37.32
16000,GPU,AA-TR-RE,1920x1080,159.19
1000,GPU,xx-TR-xx,1920x1080,1.61
4000,CPU,xx-TR-RE,1920x1080,12.99
4000,APU,AA-xx-RE,1920x1080,14.91
65000,APU,xx-xx-xx,1440x900,7.19
1000,APU,AA-TR-RE,1920x1080,9.60
16000,GPU,xx-TR-RE,1280x720,22.42
1000,APU,xx-xx-xx,1440x900,3.86
65000,GPU,AA-TR-RE,1920x1080,457.43
1000,GPU,AA-xx-xx,1440x900,4.22
65000,CPU,AA-TR-RE,1280x720,173.41
65000,APU,AA-TR-xx,1280x720,30.31
260000,APU,AA-TR-RE,1440x900,249.30
65000,GPU,AA-xx-xx,1440x900,59.74
260000,GPU,AA-TR-xx,1920x1080,424.03
16000,APU,AA-xx-RE,1440x900,24.04
1000,CPU,AA-xx-xx,1280x720,15.27
4000,APU,AA-xx-RE,1440x900,12.52
4000,CPU,AA-TR-xx,1440x900,44.23
16000,GPU,xx-xx-RE,1920x1080,13.31
1000,GPU,AA-xx-xx,1920x1080,4.60
16000,GPU,AA-TR-xx,1920x1080,56.45
65000,APU,xx-TR-RE,1280x720,18.48
4000,GPU,AA-xx-xx,1280x720,7.38
16000,GPU,xx-TR-RE,1280x720,22.32
16000,GPU,xx-TR-RE,1280x720,22.40
16000,GPU,xx-TR-xx,1920x1080,11.71
260000,GPU,xx-xx-xx,1440x900,47.36
4000,APU,AA-xx-xx,1280x720,6.89
1000,APU,AA-TR-RE,1440x900,8.43
16000,CPU,AA-TR-xx,1920x1080,103.90
1000,CPU,AA-xx-RE,1920x1080,25.28
260000,APU,xx-xx-xx,1280x720,11.99
16000,GPU,AA-TR-RE,1440x900,141.06
16000,GPU,xx-xx-RE,1920x1080,13.35
1000,GPU,AA-xx-RE,1920x1080,5.97
4000,GPU,AA-xx-xx,1280x720,7.51
260000,GPU,AA-xx-RE,1440x900,437.93
65000,GPU,xx-xx-RE,1920x1080,34.49
4000,CPU,AA-xx-xx,1440x900,32.58
65000,APU,AA-TR-RE,1280x720,83.28
4000,GPU,xx-xx-RE,1920x1080,4.28
16000,CPU,AA-xx-RE,1280x720,52.13
260000,GPU,AA-xx-xx,1920x1080,258.96
4000,GPU,AA-xx-RE,1440x900,17.59
4000,GPU,xx-TR-RE,1920x1080,7.54
4000,CPU,AA-TR-RE,1440x900,53.32
4000,CPU,xx-xx-RE,1440x900,7.75
1000,GPU,xx-xx-RE,1280x720,1.23
65000,CPU,AA-TR-xx,1920x1080,172.42
16000,GPU,AA-xx-RE,1440x900,54.69
260000,GPU,AA-TR-RE,1280x720,841.10
1000,CPU,xx-xx-xx,1280x720,3.12
16000,CPU,xx-TR-xx,1280x720,13.18
260000,CPU,AA-xx-xx,1440x900,226.88
16000,CPU,AA-TR-xx,1440x900,84.71
65000,APU,xx-xx-RE,1280x720,9.28
65000,CPU,xx-TR-xx,1920x1080,34.67
260000,APU,xx-xx-xx,1920x1080,15.20
65000,CPU,xx-TR-RE,1280x720,34.79
4000,APU,xx-TR-xx,1440x900,5.41
65000,GPU,AA-TR-RE,1280x720,285.19
260000,GPU,AA-TR-xx,1920x1080,422.68
16000,CPU,AA-xx-RE,1920x1080,90.12
1000,CPU,AA-TR-xx,1920x1080,27.35
1000,GPU,AA-xx-xx,1920x1080,4.59
16000,GPU,AA-TR-RE,1280x720,110.19
260000,APU,xx-xx-xx,1440x900,13.24
4000,CPU,AA-TR-RE,1920x1080,64.08
260000,CPU,xx-TR-xx,1280x720,51.87
16000,GPU,xx-xx-xx,1920x1080,5.36
260000,CPU,AA-xx-RE,1920x1080,366.02
260000,GPU,xx-TR-xx,1440x900,75.54
65000,APU,AA-xx-xx,1920x1080,22.46
4000,APU,xx-xx-RE,1920x1080,5.53
16000,CPU,AA-TR-RE,1280x720,99.27
65000,APU,xx-TR-RE,1920x1080,29.34
16000,CPU,AA-xx-RE,1920x1080,90.26
16000,CPU,AA-TR-RE,1440x900,130.06
1000,CPU,AA-TR-xx,1440x900,22.63
260000,APU,AA-xx-xx,1440x900,46.95
4000,GPU,AA-TR-xx,1280x720,14.76
16000,CPU,xx-xx-xx,1280x720,7.58
1000,APU,xx-TR-RE,1920x1080,4.44
65000,GPU,AA-xx-RE,1920x1080,168.15
4000,GPU,xx-TR-xx,1920x1080,4.19
4000,CPU,xx-xx-RE,1440x900,7.79
4000,APU,AA-TR-xx,1920x1080,13.92
1000,APU,xx-xx-RE,1440x900,4.02
65000,APU,AA-TR-RE,1440x900,110.33
1000,GPU,xx-TR-xx,1440x900,1.45
260000,GPU,xx-xx-xx,1920x1080,53.10
16000,CPU,AA-xx-xx,1280x720,37.42
16000,GPU,AA-xx-xx,1280x720,16.29
4000,CPU,AA-TR-RE,1280x720,40.69
4000,GPU,AA-TR-RE,1440x900,31.95
16000,CPU,AA-TR-xx,1280x720,65.55
65000,APU,xx-TR-RE,1920x1080,29.67
16000,CPU,AA-xx-RE,1440x900,71.07
260000,GPU,xx-xx-RE,1920x1080,103.65
65000,CPU,AA-TR-RE,1440x900,234.68
1000,GPU,AA-xx-xx,1280x720,3.42
4000,CPU,AA-TR-RE,1920x1080,64.08
65000,CPU,AA-xx-xx,1440x900,89.79
16000,CPU,AA-TR-xx,1920x1080,104.09
260000,GPU,AA-TR-RE,1920x1080,1265.52
16000,GPU,xx-TR-xx,1440x900,10.33
1000,APU,AA-TR-xx,1920x1080,7.94
260000,APU,AA-TR-xx,1440x900,76.67
4000,GPU,AA-TR-xx,1920x1080,19.61
260000,GPU,AA-xx-RE,1280x720,352.05
260000,CPU,AA-TR-RE,1920x1080,633.64
260000,CPU,xx-xx-RE,1280x720,48.90
260000,CPU,xx-TR-RE,1440x900,104.20
16000,GPU,AA-xx-RE,1280x720,41.22
1000,GPU,xx-xx-xx,1440x900,1.24
4000,CPU,xx-TR-xx,1280x720,6.87
1000,CPU,AA-TR-RE,1920x1080,28.88
16000,APU,AA-TR-xx,1280x720,19.15
1000,GPU,xx-TR-xx,1440x900,1.56
16000,APU,xx-TR-RE,1280x720,10.50
4000,GPU,xx-TR-xx,1280x720,3.28
65000,APU,AA-TR-RE,1440x900,110.86
1000,GPU,xx-TR-xx,1440x900,1.41
16000,CPU,xx-xx-xx,1440x900,10.12
4000,APU,AA-TR-RE,1440x900,20.43
16000,APU,AA-xx-xx,1280x720,9.98
16000,GPU,AA-TR-xx,1920x1080,56.69
1000,APU,xx-xx-RE,1440x900,3.87
16000,CPU,xx-TR-xx,1920x1080,20.97
16000,GPU,xx-xx-xx,1280x720,3.63
65000,CPU,AA-TR-xx,1280x720,105.63
260000,CPU,xx-xx-RE,1920x1080,74.18
16000,CPU,AA-xx-RE,1440x900,71.10
4000,APU,AA-TR-RE,1440x900,21.18
16000,APU,xx-TR-RE,1920x1080,15.48
4000,GPU,AA-TR-RE,1920x1080,35.49
260000,CPU,AA-xx-RE,1280x720,239.26
4000,GPU,AA-TR-RE,1440x900,32.10
260000,CPU,AA-xx-RE,1920x1080,365.51
260000,GPU,xx-TR-RE,1280x720,170.04
1000,CPU,AA-xx-xx,1440x900,19.51
1000,APU,AA-TR-xx,1440x900,7.30
1000,GPU,xx-xx-RE,1920x1080,1.59
260000,GPU,AA-TR-xx,1280x720,322.71
260000,CPU,AA-xx-xx,1920x1080,272.73
1000,APU,xx-xx-RE,1440x900,4.02
16000,GPU,AA-TR-xx,1920x1080,56.42
260000,APU,xx-xx-RE,1440x900,23.98
65000,GPU,AA-TR-RE,1920x1080,458.56
260000,APU,AA-TR-xx,1280x720,66.94
65000,GPU,AA-xx-xx,1280x720,49.36
1000,APU,AA-TR-xx,1280x720,7.11
4000,APU,AA-xx-RE,1920x1080,15.03
65000,GPU,AA-TR-xx,1440x900,120.73
16000,GPU,AA-xx-RE,1440x900,54.56
16000,GPU,xx-xx-xx,1920x1080,5.39
16000,GPU,AA-TR-RE,1440x900,141.09
16000,GPU,AA-TR-xx,1280x720,42.31
65000,CPU,AA-xx-xx,1440x900,89.85
16000,APU,AA-TR-xx,1920x1080,26.15
4000,APU,xx-TR-xx,1920x1080,5.88
1000,GPU,xx-TR-xx,1280x720,1.41
16000,CPU,xx-TR-xx,1280x720,13.21
65000,GPU,AA-xx-RE,1920x1080,167.97
65000,GPU,xx-TR-RE,1280x720,58.02
4000,GPU,xx-TR-xx,1280x720,3.14
1000,APU,xx-xx-RE,1280x720,3.62
65000,APU,AA-TR-xx,1920x1080,43.95
260000,APU,xx-xx-RE,1280x720,19.76
65000,GPU,xx-xx-xx,1440x900,12.55
4000,CPU,xx-TR-RE,1920x1080,12.86
1000,CPU,xx-TR-RE,1440x900,4.92
16000,APU,xx-TR-xx,1280x720,6.46
260000,APU,AA-xx-RE,1920x1080,124.42
260000,GPU,AA-TR-RE,1920x1080,1266.53
260000,GPU,xx-TR-RE,1440x900,213.21
260000,APU,xx-TR-xx,1440x900,19.01
4000,GPU,xx-TR-xx,1280x720,3.31
4000,GPU,AA-xx-xx,1440x900,9.47
65000,GPU,xx-TR-xx,1920x1080,28.05
4000,GPU,xx-xx-xx,1440x900,2.24
260000,APU,xx-TR-RE,1440x900,52.81
1000,GPU,AA-TR-RE,1280x720,6.79
4000,CPU,AA-xx-RE,1280x720,28.60
1000,GPU,xx-TR-RE,1280x720,1.54
16000,CPU,AA-xx-xx,1440x900,50.16
1000,CPU,AA-xx-RE,1920x1080,25.41
1000,GPU,AA-TR-xx,1920x1080,6.49
4000,APU,xx-xx-xx,1280x720,4.23
1000,GPU,AA-TR-RE,1280x720,6.68
65000,CPU,AA-xx-xx,1280x720,69.35
260000,CPU,AA-xx-xx,1280x720,182.01
260000,GPU,xx-TR-xx,1440x900,75.56
4000,APU,xx-xx-RE,1280x720,4.53
1000,CPU,xx-xx-xx,1440x900,4.00
16000,CPU,xx-TR-RE,1440x900,26.28
65000,GPU,AA-xx-xx,1280x720,49.34
260000,APU,xx-TR-RE,1920x1080,64.61
16000,CPU,AA-TR-xx,1920x1080,104.13
65000,APU,AA-xx-xx,1280x720,16.15
1000,CPU,AA-xx-xx,1920x1080,24.02
260000,CPU,xx-TR-xx,1280x720,52.02
16000,APU,AA-TR-xx,1280x720,19.97
65000,CPU,AA-TR-RE,1440x900,234.59
16000,APU,AA-TR-RE,1920x1080,65.61
65000,CPU,AA-TR-xx,1440x900,137.22
1000,CPU,xx-xx-xx,1440x900,4.02
4000,CPU,AA-TR-xx,1280x720,33.87
260000,GPU,AA-xx-RE,1280x720,351.78
1000,GPU,AA-TR-xx,1920x1080,6.48
260000,APU,xx-TR-RE,1440x900,53.28
16000,APU,xx-TR-RE,1440x900,13.59
16000,APU,AA-xx-xx,1920x1080,13.95
65000,GPU,AA-TR-RE,1920x1080,457.23
16000,CPU,AA-xx-xx,1920x1080,64.70
1000,APU,xx-TR-RE,1920x1080,4.51
16000,CPU,AA-xx-RE,1280x720,52.01
16000,GPU,AA-TR-RE,1440x900,141.03
4000,GPU,AA-TR-xx,1280x720,14.67
260000,GPU,xx-TR-RE,1280x720,170.38
65000,APU,xx-TR-RE,1440x900,23.73
65000,CPU,xx-TR-xx,1920x1080,34.82
4000,GPU,AA-xx-xx,1920x1080,11.02
16000,GPU,xx-TR-xx,1280x720,8.69
260000,APU,xx-TR-xx,1280x720,16.94
16000,APU,xx-xx-xx,1280x720,4.76
16000,APU,AA-TR-RE,1440x900,55.86
1000,APU,AA-xx-xx,1280x720,5.38
16000,GPU,xx-xx-xx,1280x720,3.66
4000,APU,AA-xx-RE,1280x720,10.42
65000,CPU,xx-xx-xx,1280x720,14.18
1000,APU,AA-TR-xx,1280x720,6.78
260000,GPU,xx-xx-RE,1920x1080,103.84
16000,CPU,xx-xx-xx,1280x720,7.57
4000,CPU,AA-xx-RE,1280x720,28.58
1000,GPU,AA-xx-xx,1920x1080,4.72
65000,GPU,xx-TR-xx,1280x720,20.18
1000,GPU,xx-xx-RE,1440x900,1.44
260000,APU,xx-TR-RE,1280x720,41.88
1000,APU,xx-xx-RE,1920x1080,4.18
65000,CPU,AA-xx-RE,1280x720,94.23
260000,CPU,AA-TR-RE,1280x720,402.02
4000,GPU,AA-TR-xx,1440x900,17.40
1000,CPU,AA-TR-RE,1280x720,19.48
260000,CPU,AA-TR-RE,1440x900,514.79
16000,GPU,xx-xx-xx,1920x1080,5.35
16000,GPU,xx-TR-RE,1440x900,28.71
4000,APU,AA-TR-xx,1920x1080,14.00
1000,GPU,AA-xx-RE,1280x720,4.54
1000,GPU,AA-xx-RE,1440x900,5.62
16000,APU,xx-xx-xx,1920x1080,5.69
260000,CPU,xx-TR-RE,1280x720,81.28
16000,APU,AA-TR-RE,1280x720,44.28
1000,APU,xx-TR-xx,1280x720,3.75
16000,CPU,xx-TR-xx,1280x720,13.18
1000,APU,AA-xx-xx,1440x900,6.11
65000,APU,AA-xx-xx,1920x1080,22.56
65000,APU,xx-TR-RE,1440x900,24.16
16000,APU,xx-TR-RE,1280x720,10.50
260000,CPU,xx-xx-xx,1440x900,46.26
1000,APU,AA-TR-RE,1920x1080,9.62
1000,CPU,AA-TR-xx,1920x1080,27.15
65000,GPU,xx-xx-RE,1280x720,21.11
65000,APU,AA-xx-xx,1440x900,19.19
65000,GPU,xx-xx-RE,1920x1080,34.19
65000,CPU,AA-xx-RE,1280x720,94.03
1000,CPU,AA-TR-RE,1280x720,19.51
4000,APU,xx-TR-RE,1280x720,5.22
16000,APU,AA-TR-xx,1440x900,22.35
1000,CPU,xx-xx-RE,1440x900,4.20
16000,APU,xx-TR-RE,1440x900,13.63
260000,CPU,AA-xx-xx,1280x720,182.14
1000,CPU,AA-TR-RE,1920x1080,28.98
260000,CPU,xx-xx-xx,1280x720,37.56
4000,CPU,AA-TR-xx,1920x1080,53.78
16000,GPU,AA-xx-xx,1440x900,20.56
16000,GPU,AA-xx-RE,1280x720,41.24
16000,APU,xx-TR-RE,1280x720,10.56
260000,GPU,xx-TR-RE,1920x1080,256.43
16000,APU,AA-TR-RE,1440x900,55.16
65000,CPU,AA-xx-xx,1440x900,89.89
16000,GPU,xx-TR-RE,1920x1080,32.46
65000,APU,AA-xx-RE,1920x1080,55.11
16000,CPU,AA-xx-xx,1280x720,37.44
260000,CPU,xx-TR-RE,1920x1080,128.00
260000,GPU,AA-xx-RE,1920x1080,512.39
16000,CPU,xx-TR-xx,1280x720,13.26
16000,APU,xx-xx-RE,1280x720,6.09
65000,APU,xx-xx-RE,1920x1080,13.91
260000,CPU,xx-xx-RE,1920x1080,74.36
4000,CPU,AA-xx-xx,1440x900,32.50
4000,APU,AA-TR-RE,1920x1080,24.66
4000,CPU,AA-xx-RE,1440x900,38.26
1000,GPU,AA-TR-xx,1920x1080,6.62
260000,APU,xx-TR-xx,1920x1080,22.54
4000,CPU,xx-TR-RE,1920x1080,12.85
16000,GPU,AA-TR-xx,1440x900,50.22
16000,GPU,xx-xx-xx,1280x720,3.52
16000,CPU,xx-xx-RE,1920x1080,18.13
16000,APU,xx-xx-xx,1920x1080,5.86
65000,GPU,xx-xx-RE,1440x900,28.18
65000,CPU,xx-xx-xx,1920x1080,23.01
65000,CPU,xx-TR-xx,1920x1080,34.84
16000,GPU,AA-TR-RE,1280x720,110.44
65000,APU,AA-TR-RE,1440x900,110.71
1000,GPU,xx-TR-xx,1920x1080,1.58
65000,APU,AA-TR-xx,1280x720,29.99
1000,CPU,xx-TR-xx,1280x720,3.66
4000,APU,AA-xx-xx,1440x900,8.11
65000,GPU,xx-xx-RE,1440x900,27.95
1000,APU,xx-TR-RE,1440x900,4.23
4000,APU,AA-xx-xx,1920x1080,9.52
4000,CPU,xx-TR-xx,1920x1080,10.85
260000,GPU,AA-xx-RE,1440x900,438.90
16000,CPU,xx-xx-xx,1440x900,10.09
16000,APU,xx-TR-xx,1920x1080,7.97
65000,CPU,AA-xx-RE,1920x1080,161.34
260000,GPU,xx-TR-xx,1280x720,65.73
16000,GPU,AA-TR-xx,1440x900,50.30
260000,GPU,AA-TR-xx,1920x1080,421.45
65000,CPU,AA-TR-RE,1280x720,173.26
4000,GPU,AA-TR-RE,1920x1080,35.48
16000,CPU,AA-TR-xx,1280x720,65.62
65000,APU,xx-xx-RE,1440x900,11.44
260000,APU,AA-TR-xx,1440x900,77.20
4000,GPU,xx-TR-xx,1920x1080,4.21
1000,APU,xx-TR-xx,1920x1080,4.26
16000,CPU,xx-xx-xx,1920x1080,13.16
16000,GPU,xx-TR-xx,1920x1080,11.77
260000,APU,AA-xx-RE,1280x720,84.71
4000,GPU,xx-TR-xx,1280x720,3.13
16000,CPU,AA-TR-RE,1920x1080,156.10
4000,CPU,xx-TR-xx,1920x1080,10.80
16000,APU,AA-xx-xx,1440x900,11.49
260000,CPU,AA-TR-xx,1280x720,253.62
16000,CPU,xx-TR-xx,1440x900,17.12
1000,GPU,AA-TR-RE,1440x900,7.67
65000,CPU,AA-TR-RE,1440x900,234.63
16000,APU,AA-xx-xx,1280x720,10.00
16000,CPU,xx-xx-RE,1280x720,10.55
1000,GPU,xx-xx-xx,1280x720,1.06
4000,GPU,xx-xx-RE,1280x720,3.03
65000,GPU,AA-xx-xx,1440x900,59.84
65000,CPU,AA-xx-RE,1440x900,126.93
16000,GPU,AA-xx-xx,1920x1080,24.46
65000,GPU,AA-TR-RE,1440x900,376.89
4000,GPU,AA-TR-xx,1440x900,17.55
4000,CPU,AA-xx-RE,1440x900,38.43
260000,CPU,xx-xx-RE,1920x1080,74.39
1000,GPU,xx-xx-RE,1920x1080,1.48
16000,APU,xx-xx-xx,1920x1080,5.92
4000,GPU,AA-xx-RE,1920x1080,19.99
65000,CPU,AA-TR-xx,1280x720,105.64
65000,APU,xx-TR-xx,1920x1080,12.06
260000,CPU,xx-xx-RE,1280x720,49.03
260000,APU,AA-xx-xx,1440x900,47.61
4000,GPU,xx-xx-RE,1440x900,3.88
1000,CPU,xx-xx-RE,1440x900,4.22
65000,APU,AA-TR-RE,1280x720,82.95
65000,CPU,xx-xx-xx,1920x1080,23.15
65000,APU,AA-TR-RE,1280x720,82.88
1000,GPU,AA-xx-RE,1440x900,5.48
16000,GPU,xx-xx-RE,1280x720,8.42
1000,CPU,AA-xx-RE,1280x720,16.34
260000,GPU,AA-TR-xx,1280x720,322.41
65000,GPU,xx-TR-xx,1280x720,20.31
260000,APU,AA-xx-xx,1440x900,46.93
65000,GPU,AA-xx-xx,1440x900,59.99
65000,CPU,AA-TR-RE,1280x720,173.29
16000,GPU,AA-xx-xx,1280x720,16.39
65000,APU,xx-xx-RE,1920x1080,13.76
1000,CPU,AA-TR-xx,1920x1080,27.24
16000,CPU,xx-TR-xx,1920x1080,21.01
260000,CPU,xx-TR-RE,1920x1080,127.86
1000,APU,xx-xx-xx,1280x720,3.51
4000,CPU,AA-TR-RE,1280x720,40.57
4000,GPU,xx-xx-xx,1280x720,1.85
260000,APU,AA-xx-xx,1280x720,39.30
260000,GPU,xx-TR-RE,1440x900,213.42
4000,CPU,AA-TR-RE,1920x1080,63.98
65000,CPU,xx-xx-RE,1280x720,19.11
65000,APU,xx-TR-xx,1440x900,10.23
16000,CPU,xx-TR-xx,1280x720,13.24
260000,APU,AA-xx-RE,1440x900,101.49
65000,APU,xx-TR-RE,1920x1080,29.11
4000,CPU,xx-xx-xx,1280x720,4.92
65000,CPU,xx-TR-RE,1920x1080,59.35
1000,APU,AA-xx-RE,1280x720,6.13
1000,APU,xx-TR-xx,1280x720,3.74
65000,APU,xx-TR-xx,1280x720,8.60
65000,GPU,xx-TR-RE,1440x900,76.80
260000,CPU,xx-xx-RE,1920x1080,74.36
1000,GPU,xx-xx-xx,1280x720,1.00
4000,APU,AA-TR-xx,1920x1080,13.85
65000,CPU,xx-xx-RE,1920x1080,32.66
1000,GPU,AA-xx-RE,1920x1080,6.00
65000,GPU,AA-xx-RE,1280x720,103.90
1000,APU,AA-xx-xx,1920x1080,6.73
260000,APU,xx-TR-xx,1280x720,16.68
1000,CPU,xx-TR-xx,1920x1080,5.56
65000,CPU,xx-xx-xx,1920x1080,23.19
16000,APU,xx-xx-xx,1440x900,4.99
65000,CPU,xx-xx-RE,1920x1080,32.64
1000,CPU,xx-TR-RE,1440x900,4.89
260000,CPU,AA-xx-xx,1440x900,226.79
4000,APU,xx-xx-xx,1440x900,4.68
4000,CPU,xx-TR-RE,1280x720,8.19
260000,CPU,xx-TR-RE,1440x900,104.26
1000,APU,AA-xx-xx,1440x900,5.96
65000,APU,xx-xx-RE,1440x900,11.26
65000,CPU,AA-TR-xx,1920x1080,172.41
4000,APU,xx-TR-xx,1920x1080,5.56
4000,CPU,xx-xx-RE,1280x720,5.77
260000,CPU,xx-xx-xx,1440x900,46.55
260000,APU,AA-xx-RE,1440x900,100.88
4000,CPU,AA-xx-xx,1280x720,24.39
1000,CPU,AA-xx-RE,1440x900,20.71
4000,APU,xx-TR-RE,1440x900,6.40
4000,CPU,xx-xx-xx,1920x1080,8.22
4000,APU,AA-xx-RE,1920x1080,14.96
1000,CPU,AA-xx-xx,1920x1080,23.86
1000,APU,xx-TR-RE,1440x900,4.22
260000,APU,AA-xx-xx,1280x720,39.83
1000,CPU,AA-TR-RE,1440x900,23.99
260000,CPU,xx-TR-xx,1280x720,51.93
260000,APU,AA-TR-RE,1920x1080,306.85
1000,APU,xx-TR-xx,1920x1080,4.35
16000,GPU,AA-xx-RE,1440x900,54.68
65000,APU,xx-TR-xx,1920x1080,12.20
16000,APU,AA-xx-xx,1280x720,9.95
1000,CPU,xx-TR-RE,1280x720,4.01
16000,GPU,xx-TR-RE,1440x900,28.63
16000,GPU,AA-xx-xx,1920x1080,24.41
1000,APU,AA-TR-RE,1280x720,7.50
260000,APU,xx-xx-RE,1280x720,19.80
260000,APU,AA-TR-RE,1920x1080,306.25
4000,CPU,xx-TR-RE,1280x720,8.25
1000,CPU,AA-xx-RE,1280x720,16.38
16000,APU,xx-TR-xx,1440x900,7.12
4000,APU,xx-TR-xx,1280x720,4.64
1000,GPU,AA-TR-RE,1280x720,6.81
4000,APU,xx-xx-xx,1280x720,4.00
16000,GPU,AA-TR-RE,1280x720,109.99
65000,APU,xx-xx-xx,1920x1080,7.71
16000,APU,xx-xx-RE,1280x720,6.18
260000,GPU,xx-TR-RE,1440x900,213.45
4000,CPU,xx-TR-RE,1920x1080,12.97
260000,GPU,xx-xx-RE,1920x1080,103.48
65000,APU,xx-xx-xx,1280x720,6.34
16000,CPU,xx-xx-xx,1280x720,7.60
4000,APU,AA-xx-RE,1920x1080,14.90
260000,CPU,xx-TR-xx,1440x900,64.13
1000,APU,xx-TR-RE,1440x900,4.18
4000,APU,AA-xx-xx,1920x1080,9.42
4000,GPU,AA-TR-xx,1920x1080,19.58
4000,APU,xx-TR-RE,1280x720,5.45
260000,CPU,AA-TR-xx,1440x900,314.93
65000,CPU,AA-xx-xx,1440x900,89.82
65000,CPU,AA-xx-RE,1280x720,94.13
16000,APU,xx-TR-xx,1280x720,6.25
16000,APU,AA-xx-xx,1440x900,11.39
4000,GPU,xx-TR-RE,1920x1080,7.55
4000,APU,AA-xx-RE,1920x1080,14.98
16000,CPU,AA-xx-xx,1280x720,37.44
4000,GPU,AA-xx-RE,1440x900,17.54
16000,GPU,AA-TR-xx,1920x1080,56.77
1000,GPU,AA-TR-RE,1440x900,7.66
16000,GPU,xx-xx-RE,1440x900,11.34
16000,GPU,xx-xx-RE,1440x900,11.15
1000,APU,xx-xx-xx,1280x720,3.48
260000,APU,xx-TR-xx,1280x720,16.62
65000,GPU,xx-xx-xx,1920x1080,14.25
65000,APU,AA-xx-RE,1440x900,43.62
4000,APU,xx-TR-xx,1280x720,4.76
1000,APU,AA-TR-RE,1920x1080,9.59
16000,APU,xx-TR-xx,1440x900,7.41
4000,GPU,xx-xx-xx,1440x900,2.25
16000,APU,xx-TR-RE,1440x900,13.48
16000,APU,AA-TR-xx,1440x900,21.75
16000,APU,AA-xx-xx,1280x720,9.98
65000,APU,AA-xx-RE,1440x900,43.92
1000,APU,AA-TR-RE,1440x900,8.81
1000,GPU,AA-xx-RE,1920x1080,5.94
260000,GPU,xx-xx-RE,1280x720,72.16
260000,APU,xx-xx-xx,1920x1080,15.08
65000,CPU,AA-xx-RE,1440x900,126.94
16000,CPU,AA-xx-RE,1280x720,52.11
1000,CPU,AA-TR-RE,1920x1080,28.81
16000,APU,xx-TR-xx,1440x900,7.38
260000,CPU,xx-xx-xx,1280x720,37.58
1000,APU,AA-xx-xx,1920x1080,6.75
65000,CPU,xx-xx-xx,1440x900,18.23
65000,CPU,xx-xx-RE,1440x900,25.66
16000,APU,xx-xx-RE,1440x900,7.46
16000,CPU,AA-xx-xx,1920x1080,64.82
4000,GPU,xx-TR-RE,1920x1080,7.63
1000,APU,AA-TR-xx,1920x1080,8.04
260000,APU,AA-TR-RE,1280x720,197.45
4000,GPU,AA-xx-xx,1280x720,32.38
4000,CPU,xx-TR-xx,1280x720,6.77
65000,CPU,xx-TR-xx,1440x900,27.75
4000,CPU,AA-TR-xx,1280x720,33.65
4000,CPU,xx-TR-xx,1280x720,6.85
260000,APU,AA-TR-RE,1280x720,196.10
260000,APU,xx-TR-RE,1280x720,41.74
260000,APU,xx-TR-xx,1280x720,16.80
4000,APU,AA-TR-RE,1280x720,17.52
1000,GPU,xx-TR-RE,1440x900,1.90
65000,APU,AA-TR-xx,1280x720,30.10
1000,APU,AA-TR-xx,1280x720,6.67
4000,APU,xx-TR-RE,1440x900,6.35
65000,CPU,AA-TR-xx,1280x720,105.67
16000,APU,xx-xx-xx,1280x720,4.77
260000,CPU,AA-xx-xx,1440x900,226.84
16000,CPU,AA-TR-RE,1440x900,130.29
16000,CPU,xx-xx-xx,1920x1080,13.19
1000,GPU,xx-TR-RE,1280x720,1.66
65000,GPU,xx-TR-RE,1920x1080,92.65
260000,GPU,xx-xx-RE,1280x720,71.84
1000,APU,AA-TR-RE,1280x720,7.81
16000,CPU,AA-TR-RE,1920x1080,156.25
260000,APU,AA-xx-RE,1440x900,101.18
16000,GPU,AA-TR-xx,1440x900,50.22
16000,CPU,AA-xx-xx,1440x900,50.18
1000,CPU,xx-TR-RE,1920x1080,5.91
16000,APU,xx-xx-xx,1280x720,4.64
16000,APU,xx-TR-RE,1920x1080,15.58
260000,APU,xx-xx-xx,1920x1080,15.26
4000,GPU,AA-TR-RE,1280x720,26.53
16000,CPU,xx-TR-RE,1440x900,26.20
16000,GPU,xx-xx-xx,1440x900,4.51
260000,CPU,AA-xx-xx,1440x900,226.76
1000,GPU,xx-TR-xx,1280x720,1.34
1000,GPU,AA-xx-RE,1920x1080,6.08
1000,GPU,AA-TR-xx,1280x720,5.17
260000,APU,AA-xx-xx,1920x1080,55.09
260000,CPU,AA-TR-RE,1440x900,515.12
1000,GPU,AA-xx-xx,1440x900,4.13
260000,APU,AA-TR-RE,1440x900,250.96
65000,APU,xx-xx-xx,1280x720,5.95
1000,APU,AA-TR-RE,1440x900,8.53
1000,APU,xx-xx-RE,1920x1080,4.18
4000,CPU,AA-xx-xx,1920x1080,40.76
1000,CPU,xx-TR-xx,1440x900,4.59
4000,GPU,xx-xx-RE,1920x1080,4.38
65000,CPU,xx-TR-xx,1440x900,27.78
16000,APU,AA-xx-RE,1440x900,24.50
260000,GPU,xx-TR-xx,1280x720,65.61
4000,GPU,AA-xx-xx,1440x900,9.49
4000,APU,xx-TR-RE,1920x1080,7.34
4000,CPU,xx-xx-RE,1280x720,5.89
4000,CPU,xx-TR-xx,1920x1080,10.80
65000,CPU,xx-TR-RE,1440x900,47.32
65000,GPU,xx-xx-xx,1920x1080,14.24
1000,APU,AA-TR-RE,1920x1080,9.52
4000,GPU,xx-xx-xx,1920x1080,2.65
4000,CPU,AA-xx-RE,1920x1080,47.58
4000,CPU,xx-xx-xx,1920x1080,8.28
260000,APU,xx-xx-RE,1920x1080,28.47
1000,GPU,xx-TR-xx,1440x900,1.57
16000,CPU,xx-TR-RE,1920x1080,31.43
260000,APU,AA-TR-RE,1440x900,250.18
4000,CPU,xx-xx-RE,1280x720,5.78
1000,GPU,AA-TR-xx,1280x720,5.12
4000,APU,AA-TR-xx,1440x900,12.28
1000,GPU,AA-xx-xx,1440x900,4.09
4000,APU,AA-TR-RE,1280x720,17.25
1000,GPU,AA-TR-RE,1920x1080,8.24
4000,CPU,AA-xx-xx,1920x1080,40.55
4000,APU,AA-TR-xx,1440x900,11.81
65000,CPU,AA-xx-xx,1920x1080,114.06
65000,CPU,xx-TR-RE,1440x900,47.12
260000,CPU,AA-TR-xx,1280x720,253.66
16000,GPU,xx-TR-xx,1920x1080,11.59
65000,APU,xx-TR-RE,1280x720,18.28
4000,APU,AA-TR-xx,1280x720,10.57
260000,APU,xx-TR-xx,1440x900,19.08
4000,CPU,xx-xx-xx,1920x1080,8.30
65000,APU,AA-TR-RE,1440x900,111.41
16000,GPU,AA-xx-xx,1280x720,16.32
4000,APU,AA-xx-xx,1440x900,8.31
65000,GPU,AA-xx-RE,1280x720,103.38
1000,APU,AA-xx-RE,1280x720,6.84
4000,GPU,AA-xx-RE,1280x720,13.57
16000,CPU,AA-TR-xx,1280x720,65.43
16000,CPU,AA-TR-xx,1440x900,84.72
1000,APU,xx-xx-xx,1440x900,3.99
260000,CPU,xx-TR-RE,1280x720,81.57
260000,GPU,xx-TR-xx,1920x1080,85.87
4000,CPU,xx-TR-RE,1280x720,8.20
1000,APU,AA-xx-RE,1440x900,7.24
1000,CPU,AA-TR-RE,1280x720,19.42
260000,CPU,xx-xx-RE,1440x900,61.66
260000,CPU,AA-xx-xx,1280x720,181.89
1000,APU,AA-xx-xx,1280x720,5.15
65000,GPU,xx-xx-xx,1920x1080,14.19
260000,CPU,AA-xx-RE,1920x1080,366.33
260000,APU,AA-TR-xx,1280x720,66.62
1000,CPU,xx-xx-xx,1920x1080,4.90
65000,GPU,xx-TR-RE,1440x900,76.41
260000,APU,AA-TR-xx,1280x720,67.15
65000,GPU,AA-TR-RE,1280x720,285.62
260000,APU,AA-xx-RE,1280x720,82.76
65000,CPU,xx-xx-xx,1920x1080,23.21
4000,APU,AA-TR-RE,1440x900,20.52
260000,CPU,AA-xx-RE,1440x900,302.74
65000,APU,xx-TR-RE,1440x900,23.73
65000,GPU,AA-TR-RE,1440x900,376.84
16000,APU,AA-xx-RE,1920x1080,30.74
16000,CPU,xx-TR-RE,1280x720,19.87
1000,CPU,xx-TR-xx,1440x900,4.57
16000,APU,AA-xx-xx,1280x720,9.86
1000,CPU,xx-xx-RE,1280x720,3.32
1000,GPU,xx-xx-xx,1440x900,1.05
16000,CPU,xx-xx-RE,1440x900,14.30
4000,GPU,AA-xx-RE,1440x900,17.60
1000,CPU,xx-xx-RE,1920x1080,5.15
260000,GPU,AA-TR-RE,1280x720,839.25
260000,CPU,AA-TR-xx,1920x1080,381.80
65000,APU,xx-xx-RE,1920x1080,13.82
4000,GPU,xx-TR-xx,1440x900,3.80
260000,APU,xx-TR-xx,1440x900,19.01
16000,GPU,AA-xx-xx,1920x1080,24.50
1000,GPU,AA-xx-xx,1280x720,3.51
4000,CPU,xx-TR-RE,1920x1080,12.96
65000,GPU,xx-xx-xx,1440x900,12.53
1000,APU,xx-xx-xx,1280x720,3.41
4000,APU,xx-xx-RE,1920x1080,5.62
65000,APU,AA-xx-RE,1280x720,33.30
16000,APU,AA-xx-RE,1280x720,19.11
4000,CPU,xx-xx-RE,1440x900,7.87
4000,GPU,xx-TR-RE,1920x1080,7.39
1000,APU,AA-xx-RE,1440x900,6.96
16000,APU,AA-TR-RE,1920x1080,65.93
1000,CPU,xx-TR-xx,1920x1080,5.55
16000,GPU,xx-TR-xx,1920x1080,11.75
4000,GPU,xx-TR-xx,1280x720,3.28
65000,APU,xx-xx-RE,1280x720,9.28
260000,CPU,xx-TR-RE,1440x900,104.13
4000,APU,xx-xx-RE,1920x1080,5.88
4000,APU,AA-TR-xx,1280x720,11.02
65000,GPU,xx-TR-xx,1440x900,24.58
65000,GPU,AA-TR-xx,1920x1080,138.09
4000,GPU,AA-xx-xx,1920x1080,11.02
4000,GPU,xx-xx-RE,1440x900,3.90
65000,CPU,AA-xx-RE,1440x900,127.03
1000,CPU,xx-TR-xx,1280x720,3.70
65000,CPU,AA-xx-RE,1920x1080,161.60
16000,APU,AA-xx-RE,1280x720,19.07
4000,CPU,AA-TR-RE,1920x1080,64.07
65000,APU,AA-xx-xx,1280x720,15.72
65000,GPU,xx-xx-RE,1440x900,27.96
1000,APU,xx-xx-xx,1920x1080,4.26
1000,CPU,xx-xx-RE,1440x900,4.20
65000,APU,xx-TR-xx,1920x1080,12.00
65000,APU,AA-TR-RE,1920x1080,136.12
65000,CPU,xx-xx-RE,1920x1080,32.72
4000,GPU,AA-TR-RE,1440x900,31.95
4000,CPU,AA-xx-xx,1280x720,24.29
1000,GPU,AA-TR-RE,1280x720,6.84
260000,GPU,AA-xx-RE,1440x900,440.20
65000,CPU,AA-xx-xx,1440x900,89.92
16000,CPU,xx-TR-xx,1440x900,17.08
16000,APU,AA-TR-RE,1280x720,43.46
260000,APU,AA-xx-RE,1440x900,101.47
16000,GPU,AA-TR-RE,1440x900,140.98
260000,GPU,xx-xx-xx,1920x1080,53.31
260000,CPU,AA-xx-RE,1440x900,302.77
16000,APU,xx-xx-RE,1440x900,7.40
65000,APU,xx-xx-RE,1920x1080,13.51
1000,GPU,xx-xx-xx,1280x720,0.88
4000,APU,xx-TR-RE,1440x900,6.22
16000,CPU,AA-xx-RE,1920x1080,90.16
16000,GPU,xx-xx-RE,1280x720,8.61
1000,APU,xx-TR-RE,1920x1080,4.49
260000,CPU,AA-TR-xx,1920x1080,381.93
16000,APU,xx-xx-RE,1280x720,6.09
260000,APU,AA-TR-xx,1920x1080,92.52
65000,GPU,AA-TR-xx,1280x720,98.97
16000,APU,AA-TR-xx,1920x1080,26.31
16000,GPU,xx-TR-RE,1920x1080,32.42
65000,GPU,AA-xx-RE,1920x1080,168.04
65000,CPU,xx-xx-RE,1280x720,18.99
16000,APU,AA-TR-xx,1920x1080,26.20
1000,CPU,xx-TR-xx,1920x1080,5.57
16000,APU,xx-TR-RE,1440x900,13.34
1000,GPU,xx-xx-xx,1920x1080,1.40
1000,GPU,AA-xx-xx,1280x720,3.43
4000,APU,xx-TR-RE,1920x1080,7.45
65000,CPU,AA-TR-xx,1920x1080,172.59
4000,CPU,xx-TR-RE,1280x720,8.15
16000,CPU,xx-xx-xx,1280x720,7.62
16000,GPU,xx-xx-xx,1440x900,4.45
16000,GPU,AA-xx-RE,1920x1080,64.80
65000,APU,AA-TR-RE,1920x1080,137.18
260000,APU,AA-TR-RE,1280x720,196.81
260000,GPU,xx-TR-RE,1280x720,170.16
65000,CPU,xx-xx-xx,1280x720,14.11
1000,APU,AA-xx-xx,1280x720,5.36
65000,GPU,xx-TR-RE,1280x720,57.81
1000,CPU,xx-TR-RE,1280x720,3.94
65000,CPU,AA-TR-xx,1440x900,137.20
65000,CPU,xx-TR-xx,1920x1080,34.73
1000,CPU,xx-TR-RE,1280x720,3.98
260000,CPU,AA-xx-RE,1440x900,302.72
16000,APU,AA-xx-xx,1440x900,11.20
1000,APU,xx-xx-RE,1920x1080,4.12
16000,APU,xx-TR-xx,1440x900,7.54
1000,GPU,xx-TR-xx,1920x1080,1.71
65000,CPU,xx-TR-RE,1920x1080,59.35
65000,GPU,xx-TR-RE,1920x1080,92.73
65000,GPU,xx-xx-RE,1280x720,21.19
1000,APU,xx-TR-xx,1440x900,4.03
65000,APU,AA-TR-xx,1280x720,30.26
16000,CPU,AA-TR-RE,1440x900,130.33
65000,GPU,AA-TR-xx,1920x1080,137.83
1000,GPU,AA-xx-xx,1440x900,4.22
4000,CPU,AA-TR-xx,1280x720,33.69
65000,CPU,AA-xx-RE,1440x900,126.99
1000,APU,xx-TR-xx,1920x1080,4.23
260000,CPU,AA-TR-RE,1280x720,401.98
16000,CPU,xx-TR-RE,1920x1080,31.44
16000,CPU,AA-xx-xx,1920x1080,64.70
4000,GPU,xx-xx-xx,1280x720,1.82
260000,GPU,AA-xx-RE,1920x1080,511.86
16000,GPU,xx-xx-RE,1920x1080,13.47
16000,APU,AA-xx-RE,1280x720,18.67
65000,GPU,AA-TR-xx,1280x720,98.86
65000,GPU,xx-TR-RE,1280x720,57.79
65000,APU,xx-TR-xx,1280x720,9.14
65000,GPU,xx-TR-xx,1280x720,20.18
65000,CPU,xx-xx-RE,1280x720,19.10
65000,GPU,AA-xx-RE,1440x900,137.38
260000,APU,AA-xx-RE,1920x1080,124.96
4000,APU,AA-xx-xx,1280x720,7.43
260000,APU,AA-TR-RE,1920x1080,305.31
16000,CPU,xx-TR-RE,1280x720,19.96
4000,APU,AA-TR-xx,1920x1080,14.02
16000,CPU,xx-TR-RE,1440x900,26.18
65000,GPU,xx-xx-RE,1440x900,27.95
16000,GPU,xx-xx-RE,1920x1080,13.46
4000,CPU,xx-xx-xx,1440x900,6.63
65000,CPU,xx-TR-xx,1280x720,21.49
260000,GPU,AA-xx-xx,1920x1080,259.65
260000,APU,AA-xx-xx,1280x720,39.91
65000,CPU,AA-TR-xx,1920x1080,172.50
65000,GPU,xx-TR-xx,1920x1080,28.27
16000,APU,xx-xx-xx,1440x900,4.88
1000,CPU,AA-xx-xx,1920x1080,24.03
4000,CPU,AA-TR-xx,1440x900,44.28
65000,CPU,AA-TR-RE,1440x900,234.72
260000,GPU,AA-TR-RE,1440x900,1052.28
4000,APU,AA-xx-RE,1440x900,12.55
65000,APU,AA-TR-RE,1440x900,110.25
16000,GPU,AA-xx-xx,1440x900,20.46
65000,APU,xx-TR-RE,1920x1080,29.47
4000,CPU,AA-TR-RE,1440x900,53.25
65000,GPU,AA-TR-xx,1280x720,98.80
4000,GPU,AA-xx-xx,1920x1080,10.93
4000,CPU,xx-TR-RE,1280x720,8.20
65000,APU,xx-xx-xx,1440x900,7.56
260000,GPU,AA-xx-xx,1280x720,194.05
1000,APU,xx-TR-xx,1280x720,3.82
1000,APU,xx-xx-xx,1920x1080,4.15
4000,APU,AA-xx-xx,1440x900,8.30
1000,GPU,AA-TR-RE,1440x900,7.70
16000,GPU,AA-TR-RE,1920x1080,159.32
260000,APU,xx-TR-xx,1920x1080,22.23
65000,GPU,AA-xx-RE,1440x900,137.04
1000,APU,AA-TR-xx,1920x1080,7.91
1000,APU,AA-TR-xx,1920x1080,7.89
16000,GPU,AA-xx-xx,1920x1080,24.41
16000,CPU,xx-xx-RE,1280x720,10.48
4000,APU,xx-xx-xx,1920x1080,4.79
260000,GPU,AA-xx-xx,1440x900,230.44
65000,GPU,AA-xx-RE,1440x900,136.90
16000,APU,AA-TR-xx,1280x720,19.55
1000,APU,xx-xx-RE,1280x720,3.58
4000,APU,AA-xx-xx,1920x1080,9.62
260000,APU,xx-TR-RE,1920x1080,64.30
16000,CPU,xx-TR-xx,1440x900,16.98
65000,APU,xx-xx-xx,1920x1080,7.78
4000,CPU,AA-TR-xx,1920x1080,53.75
4000,APU,AA-TR-RE,1280x720,17.15
4000,CPU,AA-xx-RE,1920x1080,47.61
16000,GPU,xx-TR-xx,1280x720,8.75
4000,GPU,xx-TR-RE,1920x1080,7.42
1000,APU,AA-TR-xx,1280x720,6.54
260000,APU,xx-xx-xx,1280x720,11.83
65000,APU,xx-TR-xx,1280x720,9.21
65000,CPU,AA-TR-RE,1920x1080,295.12
1000,GPU,xx-xx-RE,1280x720,1.12
260000,CPU,AA-TR-RE,1440x900,514.91
65000,CPU,xx-xx-RE,1440x900,25.70
1000,CPU,AA-TR-xx,1280x720,18.03
16000,GPU,xx-xx-RE,1280x720,8.44
4000,GPU,AA-xx-xx,1920x1080,11.08
1000,APU,AA-TR-xx,1440x900,7.38
260000,GPU,AA-xx-RE,1920x1080,509.86
65000,APU,AA-TR-xx,1920x1080,44.36
4000,GPU,AA-xx-RE,1280x720,13.54
16000,APU,xx-TR-xx,1920x1080,8.36
4000,APU,AA-xx-RE,1280x720,10.46
260000,GPU,AA-TR-xx,1440x900,371.44
16000,CPU,AA-TR-RE,1920x1080,156.11
16000,CPU,xx-TR-xx,1920x1080,21.02
4000,CPU,xx-TR-xx,1440x900,8.95
4000,CPU,xx-TR-RE,1440x900,10.71
260000,GPU,xx-xx-xx,1280x720,40.03
16000,APU,AA-TR-RE,1280x720,43.57
65000,GPU,AA-TR-xx,1920x1080,137.87
260000,APU,AA-xx-RE,1440x900,101.55
65000,GPU,AA-TR-xx,1920x1080,137.82
4000,GPU,xx-xx-xx,1920x1080,2.51
260000,APU,AA-TR-RE,1280x720,194.91
1000,CPU,AA-TR-xx,1280x720,18.06
4000,GPU,xx-TR-xx,1920x1080,4.33
16000,GPU,AA-TR-RE,1920x1080,159.39
65000,GPU,xx-TR-RE,1440x900,76.50
16000,CPU,xx-xx-RE,1920x1080,18.24
4000,APU,AA-TR-RE,1920x1080,24.63
4000,CPU,xx-xx-xx,1920x1080,8.21
1000,APU,AA-xx-RE,1920x1080,8.10
1000,CPU,AA-xx-RE,1280x720,16.38
260000,GPU,AA-xx-RE,1280x720,352.44
1000,CPU,xx-TR-RE,1920x1080,5.88
65000,CPU,AA-TR-xx,1440x900,137.42
260000,CPU,xx-TR-RE,1280x720,81.34
16000,CPU,AA-TR-xx,1280x720,65.51
65000,APU,AA-xx-xx,1440x900,19.27
65000,GPU,AA-TR-RE,1920x1080,456.78
260000,CPU,xx-xx-xx,1280x720,37.35
1000,CPU,xx-xx-xx,1440x900,4.03
1000,APU,AA-TR-xx,1920x1080,7.96
1000,CPU,xx-xx-RE,1280x720,3.35
4000,APU,xx-TR-RE,1920x1080,7.35
260000,CPU,AA-xx-RE,1920x1080,366.05
1000,CPU,AA-TR-RE,1440x900,24.04
260000,GPU,xx-xx-RE,1920x1080,103.67
260000,APU,xx-TR-xx,1920x1080,22.35
16000,CPU,xx-xx-RE,1920x1080,18.18
1000,CPU,xx-xx-xx,1440x900,3.99
1000,GPU,AA-xx-RE,1280x720,4.63
1000,GPU,AA-TR-xx,1280x720,5.13
65000,GPU,AA-xx-xx,1920x1080,68.73
16000,APU,AA-TR-RE,1920x1080,65.58
65000,GPU,xx-xx-xx,1440x900,12.37
65000,CPU,xx-TR-RE,1920x1080,59.26
16000,CPU,AA-TR-RE,1920x1080,156.09
4000,APU,xx-xx-xx,1920x1080,5.06
1000,GPU,AA-TR-RE,1920x1080,8.39
16000,CPU,xx-xx-RE,1920x1080,18.09
16000,APU,xx-xx-RE,1280x720,5.97
260000,CPU,AA-TR-xx,1920x1080,381.77
260000,CPU,AA-TR-RE,1280x720,402.39
16000,CPU,AA-xx-xx,1280x720,37.25
260000,CPU,xx-xx-xx,1920x1080,55.54
16000,APU,xx-TR-xx,1280x720,6.53
1000,APU,AA-TR-RE,1440x900,8.55
1000,GPU,xx-xx-RE,1440x900,1.33
16000,APU,xx-TR-xx,1920x1080,8.26
4000,GPU,xx-TR-RE,1440x900,6.76
260000,APU,AA-TR-RE,1440x900,249.54
1000,CPU,xx-xx-xx,1280x720,3.09
16000,APU,xx-TR-RE,1280x720,10.47
16000,APU,AA-xx-xx,1440x900,11.28
65000,APU,AA-TR-xx,1280x720,30.34
65000,APU,xx-TR-xx,1440x900,10.06
65000,GPU,AA-xx-xx,1280x720,49.34
4000,APU,AA-xx-xx,1920x1080,9.50
4000,APU,AA-TR-xx,1440x900,11.92
16000,APU,AA-xx-RE,1280x720,19.49
4000,GPU,AA-TR-xx,1920x1080,19.77
4000,GPU,AA-TR-RE,1920x1080,35.68
16000,APU,AA-TR-RE,1440x900,56.53
65000,GPU,AA-xx-RE,1440x900,137.04
1000,APU,xx-xx-RE,1280x720,3.53
65000,APU,AA-xx-RE,1280x720,32.54
260000,CPU,AA-TR-RE,1280x720,402.24
260000,GPU,xx-xx-RE,1440x900,89.56
1000,APU,AA-xx-RE,1920x1080,7.97
260000,APU,AA-TR-xx,1920x1080,92.29
260000,GPU,AA-xx-xx,1920x1080,258.93
260000,APU,xx-xx-xx,1280x720,11.43
260000,CPU,AA-xx-xx,1280x720,182.07
65000,CPU,xx-TR-xx,1440x900,27.81
4000,GPU,AA-xx-RE,1920x1080,19.87
16000,GPU,AA-TR-xx,1440x900,50.28
16000,APU,AA-TR-xx,1920x1080,26.78
4000,APU,AA-xx-xx,1280x720,6.99
4000,APU,xx-TR-RE,1440x900,6.44
16000,CPU,xx-xx-RE,1280x720,10.48
260000,CPU,xx-xx-xx,1280x720,37.50
4000,APU,xx-TR-xx,1920x1080,5.77
16000,GPU,AA-xx-RE,1440x900,54.61
4000,CPU,xx-xx-RE,1920x1080,9.65
1000,CPU,AA-xx-xx,1280x720,15.22
1000,CPU,xx-xx-xx,1280x720,3.11
260000,APU,xx-TR-xx,1440x900,19.35
16000,CPU,xx-TR-RE,1280x720,20.00
65000,APU,AA-xx-xx,1440x900,19.38
1000,GPU,xx-TR-xx,1920x1080,1.62
4000,GPU,xx-xx-RE,1280x720,3.09
4000,CPU,AA-TR-RE,1920x1080,64.17
65000,GPU,xx-xx-RE,1280x720,21.22
1000,APU,AA-TR-RE,1280x720,7.43
16000,CPU,xx-xx-xx,1440x900,10.14
4000,APU,xx-TR-xx,1280x720,4.40
4000,APU,AA-xx-RE,1440x900,12.65
65000,CPU,AA-xx-xx,1280x720,69.56
65000,APU,AA-xx-xx,1440x900,19.06
4000,GPU,xx-xx-xx,1280x720,1.78
65000,CPU,xx-TR-RE,1440x900,47.26
1000,CPU,xx-xx-RE,1920x1080,5.24
16000,GPU,xx-TR-RE,1920x1080,32.36
16000,APU,AA-xx-RE,1920x1080,30.52
4000,CPU,AA-xx-RE,1920x1080,47.65
1000,CPU,AA-xx-xx,1280x720,15.21
260000,CPU,xx-xx-RE,1440x900,61.66
4000,GPU,xx-xx-RE,1280x720,2.88
1000,APU,xx-TR-xx,1280x720,3.70
260000,GPU,xx-xx-xx,1280x720,40.05
1000,CPU,AA-TR-RE,1440x900,24.08
260000,APU,xx-xx-xx,1440x900,13.25
16000,CPU,AA-TR-xx,1440x900,84.62
4000,APU,AA-xx-RE,1280x720,10.59
260000,APU,AA-TR-xx,1440x900,77.65
16000,APU,xx-TR-xx,1920x1080,8.18
65000,CPU,AA-xx-RE,1920x1080,161.39
16000,GPU,AA-xx-RE,1920x1080,64.95
1000,GPU,xx-xx-RE,1280x720,1.22
16000,CPU,xx-TR-xx,1440x900,17.09
16000,APU,AA-TR-xx,1280x720,19.44
260000,APU,xx-xx-RE,1440x900,24.11
260000,CPU,AA-TR-xx,1280x720,253.77
1000,APU,AA-xx-RE,1440x900,7.00
260000,APU,AA-TR-xx,1920x1080,92.67
1000,GPU,xx-xx-xx,1440x900,1.07
260000,APU,AA-xx-RE,1280x720,84.66
1000,CPU,AA-TR-xx,1280x720,18.11
4000,GPU,AA-TR-xx,1440x900,17.39
16000,GPU,xx-TR-xx,1280x720,8.80
1000,APU,xx-TR-RE,1440x900,4.09
4000,APU,xx-xx-xx,1920x1080,4.99
1000,GPU,xx-xx-RE,1440x900,1.47
4000,GPU,xx-TR-RE,1440x900,6.84
4000,CPU,xx-xx-RE,1920x1080,9.59
260000,CPU,AA-xx-RE,1440x900,302.49
260000,APU,AA-xx-xx,1920x1080,54.64
260000,GPU,AA-xx-xx,1280x720,194.63
1000,CPU,AA-TR-xx,1440x900,22.64
4000,GPU,xx-TR-RE,1280x720,5.64
4000,APU,xx-xx-RE,1280x720,4.35
4000,GPU,xx-xx-xx,1920x1080,2.52
1000,APU,xx-xx-xx,1280x720,3.49
16000,CPU,AA-TR-xx,1920x1080,104.16
16000,APU,AA-xx-xx,1440x900,11.38
260000,CPU,AA-TR-xx,1280x720,253.98
1000,CPU,xx-TR-RE,1280x720,3.96
4000,APU,AA-TR-RE,1920x1080,24.72
1000,APU,AA-xx-xx,1920x1080,6.73
4000,CPU,xx-TR-xx,1440x900,8.88
1000,APU,xx-xx-xx,1440x900,4.10
16000,APU,AA-xx-xx,1920x1080,13.66
16000,GPU,AA-xx-RE,1280x720,41.02
4000,APU,xx-xx-RE,1280x720,4.51
260000,GPU,AA-TR-xx,1440x900,372.98
260000,CPU,AA-TR-xx,1280x720,253.70
4000,GPU,AA-TR-RE,1920x1080,35.62
16000,GPU,AA-TR-xx,1440x900,50.24
16000,APU,xx-xx-RE,1920x1080,8.60
4000,CPU,xx-TR-RE,1440x900,10.74
16000,APU,xx-xx-RE,1280x720,6.28
65000,APU,AA-TR-RE,1920x1080,135.85
16000,CPU,xx-xx-RE,1280x720,10.60
4000,CPU,AA-TR-RE,1280x720,40.61
16000,CPU,xx-xx-xx,1440x900,10.12
260000,GPU,AA-TR-RE,1920x1080,1271.99
65000,CPU,AA-xx-xx,1280x720,69.48
4000,CPU,xx-xx-RE,1920x1080,9.61
1000,CPU,AA-xx-xx,1440x900,19.52
4000,CPU,xx-xx-xx,1440x900,6.55
260000,GPU,xx-xx-RE,1280x720,71.83
16000,CPU,AA-xx-RE,1280x720,52.02
1000,GPU,xx-xx-xx,1440x900,1.22
4000,CPU,xx-xx-xx,1280x720,4.93
4000,GPU,AA-TR-xx,1920x1080,19.60
4000,CPU,AA-TR-RE,1280x720,40.68
260000,CPU,xx-xx-RE,1920x1080,74.45
65000,APU,AA-xx-xx,1280x720,15.48
260000,CPU,AA-TR-xx,1440x900,315.00
65000,CPU,xx-xx-xx,1280x720,14.27
4000,CPU,AA-TR-xx,1440x900,44.28
1000,GPU,xx-xx-RE,1920x1080,1.49
260000,GPU,xx-TR-RE,1280x720,170.02
1000,APU,xx-xx-RE,1440x900,3.91
1000,CPU,xx-TR-xx,1920x1080,5.53
16000,CPU,AA-TR-xx,1280x720,65.37
1000,APU,AA-xx-xx,1440x900,6.01
4000,GPU,AA-xx-RE,1440x900,17.53
260000,APU,xx-xx-xx,1920x1080,15.18
260000,APU,xx-TR-RE,1280x720,41.84
260000,APU,xx-xx-RE,1440x900,23.74
1000,CPU,AA-xx-xx,1920x1080,23.87
260000,APU,xx-xx-xx,1280x720,11.81
16000,APU,AA-TR-RE,1440x900,55.79
4000,APU,xx-xx-xx,1440x900,4.24
65000,GPU,AA-xx-xx,1280x720,49.29
1000,CPU,AA-xx-xx,1280x720,15.25
260000,APU,AA-TR-xx,1440x900,76.38
65000,CPU,xx-TR-RE,1280x720,34.79
1000,GPU,xx-xx-xx,1920x1080,1.25
1000,GPU,xx-xx-RE,1280x720,1.27
65000,GPU,xx-TR-RE,1920x1080,92.71
65000,APU,AA-TR-xx,1440x900,36.16
4000,APU,AA-xx-xx,1440x900,8.23
260000,GPU,xx-xx-RE,1440x900,89.25
1000,CPU,xx-xx-xx,1920x1080,4.88
260000,GPU,AA-TR-xx,1440x900,372.28
4000,GPU,xx-TR-RE,1440x900,6.73
4000,CPU,AA-xx-RE,1440x900,38.41
260000,GPU,AA-xx-xx,1440x900,230.42
16000,APU,xx-TR-xx,1280x720,6.28
65000,GPU,AA-TR-xx,1920x1080,137.96
260000,CPU,AA-TR-xx,1920x1080,381.83
260000,APU,xx-xx-RE,1440x900,23.73
260000,GPU,xx-TR-xx,1280x720,65.75
65000,GPU,xx-xx-xx,1440x900,12.46
260000,GPU,xx-xx-RE,1920x1080,103.57
1000,APU,xx-TR-RE,1920x1080,4.54
4000,GPU,xx-xx-xx,1440x900,2.27
1000,CPU,AA-TR-xx,1440x900,22.62
65000,CPU,AA-TR-RE,1920x1080,294.85
65000,GPU,AA-xx-xx,1920x1080,68.74
16000,CPU,AA-xx-RE,1920x1080,90.06
4000,APU,AA-TR-xx,1280x720,10.90
65000,APU,xx-TR-xx,1440x900,10.32
65000,GPU,xx-TR-xx,1440x900,24.65
1000,GPU,xx-xx-xx,1440x900,1.15
65000,GPU,AA-xx-RE,1920x1080,168.36
65000,APU,AA-xx-xx,1280x720,16.39
260000,GPU,AA-TR-xx,1440x900,373.61
4000,GPU,xx-TR-xx,1440x900,3.73
1000,GPU,xx-TR-RE,1440x900,1.78
260000,GPU,xx-xx-xx,1280x720,39.97
1000,CPU,AA-xx-RE,1440x900,20.81
16000,GPU,AA-TR-xx,1280x720,42.29
260000,APU,AA-TR-xx,1280x720,66.66
4000,GPU,AA-xx-xx,1920x1080,11.06
16000,GPU,xx-xx-xx,1440x900,4.38
65000,CPU,xx-xx-xx,1280x720,14.23
4000,GPU,xx-TR-xx,1440x900,3.74
16000,GPU,xx-TR-xx,1440x900,10.23
1000,CPU,xx-xx-xx,1920x1080,5.02
1000,APU,AA-TR-xx,1440x900,7.34
1000,GPU,AA-TR-xx,1920x1080,6.62
1000,GPU,AA-TR-xx,1280x720,5.15
65000,CPU,xx-xx-xx,1440x900,18.20
260000,APU,xx-TR-RE,1440x900,53.11
260000,GPU,AA-xx-xx,1440x900,231.01
16000,GPU,xx-TR-RE,1280x720,22.43
260000,APU,AA-xx-RE,1920x1080,124.93
65000,CPU,xx-TR-RE,1440x900,47.26
65000,GPU,xx-TR-RE,1280x720,57.68
4000,APU,AA-xx-xx,1280x720,6.97
16000,GPU,xx-xx-xx,1920x1080,5.21
16000,APU,xx-TR-RE,1280x720,10.74
260000,GPU,xx-TR-xx,1920x1080,85.63
65000,GPU,AA-xx-xx,1280x720,49.47
260000,CPU,xx-TR-xx,1440x900,63.92
4000,GPU,AA-xx-xx,1440x900,9.45
65000,APU,xx-xx-xx,1440x900,7.04
16000,GPU,AA-xx-RE,1280x720,41.20
1000,GPU,xx-TR-RE,1280x720,1.54
4000,APU,AA-TR-RE,1280x720,17.16
260000,CPU,AA-xx-RE,1280x720,239.31
16000,APU,xx-xx-xx,1440x900,5.17
4000,CPU,xx-xx-RE,1440x900,7.72
65000,GPU,AA-TR-RE,1280x720,284.57
16000,CPU,AA-TR-xx,1440x900,84.48
260000,CPU,AA-TR-xx,1920x1080,383.40
16000,GPU,AA-xx-RE,1920x1080,64.85
65000,GPU,xx-TR-xx,1920x1080,28.06
65000,CPU,xx-TR-RE,1920x1080,59.29
260000,APU,AA-xx-RE,1280x720,84.02
1000,CPU,xx-xx-RE,1280x720,3.35
1000,GPU,AA-xx-RE,1440x900,5.59
65000,APU,xx-xx-RE,1920x1080,13.66
1000,CPU,AA-xx-RE,1440x900,20.79
65000,APU,xx-TR-RE,1280x720,18.42
4000,CPU,xx-xx-xx,1440x900,6.62
65000,GPU,xx-xx-RE,1440x900,28.13
16000,APU,AA-xx-xx,1920x1080,13.89
16000,GPU,xx-xx-xx,1280x720,3.66
4000,APU,AA-TR-xx,1440x900,11.89
16000,CPU,xx-xx-RE,1440x900,14.39
65000,CPU,AA-TR-RE,1920x1080,294.95
4000,CPU,xx-TR-xx,1920x1080,10.83
16000,CPU,xx-xx-RE,1440x900,14.37
1000,CPU,AA-TR-xx,1920x1080,27.17
65000,GPU,xx-xx-xx,1440x900,12.48
1000,CPU,AA-TR-xx,1440x900,22.65
260000,GPU,xx-TR-RE,1920x1080,257.35
65000,GPU,xx-xx-xx,1280x720,10.32
1000,GPU,xx-xx-xx,1920x1080,1.21
1000,GPU,AA-xx-xx,1920x1080,4.72
65000,APU,xx-xx-RE,1440x900,11.25
260000,CPU,xx-xx-RE,1440x900,61.46
1000,CPU,AA-xx-RE,1920x1080,25.30
260000,GPU,xx-xx-RE,1440x900,89.21
260000,APU,AA-xx-xx,1920x1080,55.06
4000,CPU,xx-xx-xx,1280x720,5.00
1000,GPU,xx-xx-RE,1440x900,1.47
65000,GPU,xx-TR-xx,1920x1080,28.14
4000,CPU,xx-xx-RE,1280x720,5.80
16000,APU,AA-TR-xx,1920x1080,26.50
1000,GPU,AA-TR-xx,1440x900,5.99
1000,GPU,xx-TR-RE,1280x720,1.71
1000,APU,xx-TR-xx,1440x900,3.87
65000,CPU,AA-xx-xx,1920x1080,114.10
4000,APU,xx-xx-xx,1280x720,3.95
1000,CPU,xx-TR-RE,1920x1080,5.90
65000,CPU,AA-xx-xx,1920x1080,113.97
65000,GPU,xx-TR-RE,1440x900,76.87
16000,GPU,xx-TR-xx,1280x720,8.80
65000,APU,AA-xx-xx,1920x1080,22.98
1000,APU,xx-xx-xx,1440x900,3.86
260000,CPU,xx-xx-xx,1920x1080,55.71
260000,APU,AA-TR-xx,1920x1080,92.63
260000,APU,xx-TR-RE,1920x1080,65.00
65000,GPU,xx-TR-xx,1920x1080,28.05
4000,CPU,AA-xx-RE,1280x720,28.66
16000,CPU,xx-xx-xx,1920x1080,13.07
16000,APU,xx-xx-xx,1440x900,5.34
1000,APU,xx-TR-RE,1280x720,3.78
260000,APU,xx-TR-RE,1280x720,41.83
16000,GPU,xx-TR-xx,1440x900,10.32
16000,GPU,xx-xx-xx,1440x900,4.39
1000,CPU,AA-TR-RE,1440x900,24.12
1000,CPU,AA-TR-xx,1920x1080,27.36
16000,CPU,AA-xx-xx,1440x900,50.03
65000,APU,xx-xx-xx,1280x720,5.93
16000,APU,AA-TR-RE,1440x900,56.13
1000,CPU,xx-xx-RE,1920x1080,5.23
4000,GPU,AA-TR-xx,1440x900,17.59
4000,GPU,xx-xx-RE,1920x1080,4.38
16000,APU,AA-xx-RE,1440x900,24.47
4000,GPU,AA-TR-RE,1440x900,31.97
4000,CPU,AA-TR-xx,1440x900,44.26
260000,APU,AA-xx-RE,1280x720,84.38
16000,GPU,AA-TR-xx,1280x720,42.12
4000,CPU,AA-xx-xx,1280x720,24.36
1000,CPU,xx-xx-RE,1280x720,3.32
65000,GPU,AA-TR-xx,1440x900,120.81
65000,APU,xx-TR-xx,1920x1080,11.78
65000,GPU,AA-xx-RE,1280x720,103.48
65000,APU,AA-xx-xx,1920x1080,22.70
1000,APU,xx-xx-xx,1920x1080,4.23
260000,GPU,AA-TR-RE,1280x720,838.04
4000,GPU,AA-xx-RE,1440x900,17.47
4000,APU,xx-xx-xx,1920x1080,4.61
4000,GPU,xx-xx-xx,1920x1080,2.58
4000,CPU,AA-xx-xx,1280x720,24.39
16000,APU,xx-xx-RE,1440x900,7.61
16000,CPU,xx-xx-RE,1280x720,10.51
260000,APU,xx-TR-xx,1280x720,16.81
65000,CPU,xx-TR-xx,1280x720,21.41
16000,GPU,xx-xx-RE,1440x900,11.26
16000,GPU,AA-TR-RE,1280x720,109.86
260000,GPU,AA-TR-xx,1920x1080,421.07
16000,GPU,AA-xx-xx,1920x1080,24.50
65000,CPU,AA-TR-xx,1440x900,137.04
65000,CPU,xx-TR-RE,1280x720,34.97
4000,GPU,AA-xx-xx,1440x900,9.47
16000,GPU,AA-TR-RE,1440x900,141.21
65000,GPU,AA-xx-RE,1920x1080,169.01
260000,CPU,xx-xx-xx,1920x1080,55.79
260000,CPU,AA-xx-RE,1280x720,239.21
65000,APU,AA-xx-RE,1920x1080,55.41
260000,CPU,xx-TR-xx,1920x1080,77.53
1000,GPU,AA-xx-RE,1440x900,5.44
65000,GPU,xx-TR-xx,1280x720,20.17
260000,APU,AA-TR-xx,1440x900,76.95
65000,CPU,xx-xx-xx,1280x720,14.13
1000,APU,xx-TR-RE,1920x1080,4.53
1000,GPU,AA-xx-xx,1920x1080,4.60
4000,CPU,xx-xx-xx,1920x1080,8.26
65000,APU,AA-xx-RE,1920x1080,55.09
260000,CPU,AA-TR-xx,1440x900,315.00
65000,CPU,AA-xx-xx,1920x1080,113.93
1000,APU,xx-xx-RE,1440x900,4.14
1000,CPU,xx-xx-RE,1920x1080,5.25
4000,GPU,xx-xx-RE,1440x900,3.87
4000,GPU,AA-TR-RE,1280x720,26.39
16000,CPU,AA-xx-RE,1440x900,70.91
260000,CPU,AA-TR-RE,1920x1080,634.35
1000,CPU,AA-xx-RE,1920x1080,25.43
16000,APU,AA-xx-xx,1920x1080,13.52
260000,CPU,xx-xx-xx,1920x1080,55.41
260000,CPU,xx-TR-xx,1920x1080,77.59
16000,GPU,xx-TR-RE,1920x1080,32.35
1000,CPU,xx-TR-xx,1920x1080,5.58
1000,CPU,xx-TR-xx,1280x720,3.68
260000,GPU,AA-TR-xx,1440x900,372.52
1000,CPU,xx-xx-RE,1920x1080,5.20
4000,GPU,xx-xx-RE,1440x900,3.73
1000,GPU,AA-xx-xx,1280x720,3.38
65000,APU,AA-TR-xx,1440x900,36.11
260000,CPU,AA-xx-RE,1920x1080,365.95
1000,APU,AA-xx-RE,1920x1080,8.08
260000,CPU,xx-TR-xx,1920x1080,77.49
1000,GPU,xx-TR-RE,1440x900,1.89
4000,GPU,xx-TR-RE,1440x900,6.75
1000,APU,xx-xx-RE,1280x720,3.50
260000,CPU,xx-TR-RE,1440x900,103.99
4000,APU,AA-TR-RE,1920x1080,24.31
16000,GPU,xx-xx-xx,1280x720,3.60
4000,GPU,xx-xx-RE,1920x1080,4.41
4000,CPU,AA-xx-RE,1280x720,28.64
16000,GPU,AA-xx-xx,1280x720,16.25
4000,GPU,xx-xx-RE,1920x1080,4.46
4000,APU,AA-xx-RE,1440x900,12.70
1000,GPU,AA-TR-xx,1440x900,6.08
65000,GPU,xx-xx-xx,1280x720,10.24
4000,CPU,AA-xx-xx,1440x900,32.50
65000,APU,AA-xx-xx,1440x900,19.11
65000,GPU,AA-TR-xx,1280x720,98.90
65000,CPU,xx-TR-RE,1440x900,47.25
4000,APU,xx-TR-xx,1280x720,4.68
1000,APU,AA-TR-xx,1440x900,7.30
16000,APU,xx-xx-xx,1920x1080,5.67
65000,GPU,xx-xx-RE,1920x1080,34.21
1000,GPU,AA-xx-xx,1440x900,4.20
1000,APU,xx-TR-xx,1440x900,4.27
260000,APU,AA-TR-xx,1920x1080,92.43
260000,APU,xx-TR-xx,1920x1080,22.62
260000,GPU,AA-xx-RE,1280x720,353.86
16000,CPU,AA-xx-xx,1920x1080,64.76
65000,GPU,AA-TR-RE,1440x900,377.32
260000,GPU,AA-xx-RE,1920x1080,509.94
260000,GPU,xx-TR-xx,1920x1080,85.81
4000,GPU,AA-TR-xx,1920x1080,19.59
4000,CPU,AA-TR-RE,1440x900,53.25
1000,APU,AA-xx-xx,1280x720,5.20
16000,CPU,AA-xx-RE,1280x720,52.17
260000,APU,AA-TR-xx,1280x720,66.92
65000,CPU,AA-TR-xx,1920x1080,172.59
65000,CPU,xx-xx-xx,1920x1080,23.12
16000,CPU,AA-xx-RE,1440x900,71.10
260000,CPU,xx-xx-xx,1920x1080,55.57
65000,GPU,AA-xx-xx,1440x900,60.12
65000,GPU,AA-xx-xx,1920x1080,68.75
260000,APU,xx-TR-xx,1440x900,19.25
1000,GPU,AA-TR-xx,1440x900,6.10
16000,APU,xx-xx-RE,1920x1080,8.65
4000,GPU,AA-TR-xx,1280x720,14.77
65000,CPU,AA-TR-RE,1920x1080,295.12
260000,GPU,AA-TR-RE,1920x1080,1265.41
260000,GPU,AA-xx-xx,1440x900,230.75
4000,GPU,AA-xx-xx,1440x900,9.43
4000,CPU,xx-TR-xx,1920x1080,10.86
260000,APU,xx-xx-RE,1280x720,19.82
4000,APU,AA-xx-xx,1280x720,6.81
65000,APU,AA-TR-xx,1920x1080,44.13
1000,GPU,AA-TR-RE,1280x720,6.66
4000,CPU,xx-TR-xx,1280x720,6.81
65000,APU,AA-TR-xx,1920x1080,43.91
65000,APU,xx-TR-RE,1440x900,24.25
65000,APU,xx-xx-RE,1280x720,9.33
16000,CPU,AA-TR-RE,1440x900,130.28
4000,APU,xx-xx-RE,1280x720,4.63
1000,APU,AA-xx-RE,1440x900,7.21
1000,CPU,xx-xx-xx,1280x720,3.11
4000,GPU,xx-xx-xx,1440x900,2.26
65000,GPU,AA-xx-xx,1920x1080,68.72
1000,GPU,AA-xx-RE,1280x720,4.57
16000,APU,AA-TR-RE,1280x720,43.99
65000,GPU,xx-TR-xx,1440x900,24.58
260000,APU,xx-xx-xx,1440x900,13.30
260000,GPU,xx-xx-xx,1280x720,40.09
1000,GPU,xx-TR-RE,1280x720,1.58
65000,APU,xx-xx-xx,1920x1080,7.51
65000,GPU,xx-xx-xx,1280x720,10.40
4000,APU,xx-TR-RE,1280x720,5.63
4000,APU,xx-xx-RE,1920x1080,5.50
16000,CPU,AA-TR-xx,1440x900,84.46
260000,APU,xx-TR-xx,1920x1080,22.58
4000,APU,xx-xx-RE,1920x1080,5.57
260000,GPU,xx-TR-xx,1440x900,75.46
260000,CPU,xx-TR-xx,1440x900,63.91
16000,GPU,AA-xx-RE,1920x1080,64.80
4000,APU,AA-TR-RE,1920x1080,24.33
1000,GPU,AA-TR-xx,1440x900,6.10
260000,CPU,AA-TR-xx,1440x900,314.99
4000,GPU,AA-xx-RE,1280x720,13.60
16000,GPU,xx-TR-RE,1440x900,28.75
65000,APU,AA-xx-RE,1280x720,33.15
65000,GPU,AA-TR-xx,1280x720,99.12
260000,CPU,xx-TR-xx,1920x1080,77.44
65000,GPU,AA-xx-RE,1280x720,103.56
4000,GPU,AA-xx-RE,1280x720,13.53
4000,APU,AA-TR-xx,1920x1080,13.87
16000,CPU,AA-TR-RE,1280x720,99.36
260000,GPU,xx-xx-xx,1440x900,47.34
260000,APU,AA-xx-xx,1440x900,47.94
1000,CPU,xx-TR-xx,1440x900,4.59
4000,CPU,AA-xx-RE,1440x900,38.40
4000,GPU,xx-TR-RE,1440x900,6.63
1000,APU,AA-xx-xx,1920x1080,6.65
4000,GPU,AA-TR-RE,1920x1080,35.60
1000,APU,xx-TR-xx,1280x720,3.70
4000,CPU,xx-xx-RE,1920x1080,9.65
65000,APU,xx-TR-RE,1280x720,18.47
65000,APU,xx-TR-RE,1920x1080,29.38
4000,APU,xx-xx-RE,1440x900,4.94
1000,APU,xx-xx-RE,1280x720,3.67
16000,APU,xx-xx-RE,1920x1080,8.77
16000,GPU,AA-TR-xx,1280x720,42.09
4000,GPU,xx-xx-RE,1280x720,3.05
260000,CPU,xx-xx-xx,1280x720,37.46
1000,APU,AA-TR-RE,1280x720,7.34
4000,CPU,AA-TR-xx,1920x1080,53.78
4000,CPU,xx-TR-RE,1440x900,10.78
16000,APU,AA-TR-xx,1440x900,22.71
260000,CPU,xx-xx-xx,1440x900,46.53
1000,GPU,AA-xx-RE,1920x1080,5.99
1000,APU,AA-xx-xx,1440x900,5.97
260000,GPU,xx-TR-xx,1280x720,65.88
260000,GPU,xx-TR-xx,1920x1080,85.56
16000,CPU,xx-TR-RE,1920x1080,31.40
65000,GPU,xx-xx-xx,1280x720,10.29
1000,GPU,xx-TR-RE,1440x900,1.88
65000,APU,AA-TR-RE,1280x720,83.30
260000,APU,xx-xx-RE,1920x1080,28.11
65000,GPU,AA-xx-xx,1440x900,59.85
16000,APU,AA-xx-RE,1440x900,24.74
260000,APU,xx-TR-RE,1280x720,42.28
16000,APU,xx-xx-RE,1920x1080,8.54
65000,APU,AA-xx-RE,1920x1080,55.40
260000,APU,xx-TR-RE,1440x900,53.21
4000,APU,xx-TR-xx,1440x900,5.12
4000,APU,AA-xx-RE,1280x720,10.57
16000,GPU,xx-TR-RE,1440x900,28.71
65000,GPU,AA-TR-xx,1440x900,120.93
260000,GPU,xx-TR-RE,1440x900,213.13
1000,GPU,AA-TR-RE,1920x1080,8.21
1000,CPU,AA-xx-RE,1440x900,20.84
1000,APU,xx-TR-xx,1440x900,4.01
16000,APU,AA-xx-RE,1920x1080,30.58
65000,APU,AA-xx-RE,1280x720,32.92
260000,CPU,AA-xx-xx,1280x720,182.11
65000,CPU,xx-xx-RE,1280x720,19.15
4000,APU,xx-TR-RE,1920x1080,7.32
1000,CPU,xx-TR-RE,1440x900,4.88
4000,APU,AA-xx-RE,1280x720,10.58
260000,GPU,AA-xx-xx,1280x720,193.80
16000,GPU,AA-xx-RE,1440x900,54.64
16000,CPU,xx-xx-xx,1280x720,7.60
16000,GPU,xx-xx-xx,1920x1080,5.24
16000,GPU,xx-TR-xx,1920x1080,11.73
260000,GPU,xx-TR-xx,1440x900,75.68
260000,GPU,AA-TR-xx,1920x1080,421.73
16000,CPU,xx-xx-RE,1440x900,14.35
1000,APU,xx-TR-RE,1280x720,3.74
4000,CPU,AA-xx-xx,1440x900,32.62
16000,APU,AA-TR-RE,1920x1080,65.51
4000,APU,AA-TR-xx,1280x720,10.80
260000,GPU,AA-TR-xx,1280x720,322.11
260000,GPU,AA-xx-RE,1280x720,353.40
16000,CPU,AA-xx-xx,1440x900,49.95
260000,APU,xx-xx-RE,1440x900,23.44
1000,GPU,AA-TR-RE,1920x1080,8.39
260000,GPU,AA-xx-RE,1920x1080,511.81
1000,CPU,xx-xx-RE,1440x900,4.25
260000,CPU,AA-TR-RE,1920x1080,634.12
1000,APU,AA-TR-xx,1440x900,7.25
65000,APU,xx-xx-xx,1920x1080,7.70
4000,GPU,xx-xx-RE,1440x900,3.76
260000,CPU,xx-xx-RE,1280x720,48.74
4000,APU,AA-xx-xx,1920x1080,9.66
260000,APU,xx-TR-RE,1920x1080,65.41
260000,APU,xx-xx-RE,1280x720,19.95
4000,APU,xx-xx-xx,1280x720,4.38
16000,CPU,xx-TR-RE,1280x720,19.88
4000,GPU,xx-TR-xx,1920x1080,4.37
4000,GPU,AA-TR-xx,1280x720,14.65
260000,GPU,AA-TR-RE,1280x720,842.26
4000,APU,xx-TR-xx,1920x1080,5.71
16000,CPU,AA-TR-RE,1920x1080,156.03
16000,APU,xx-xx-xx,1440x900,5.15
260000,CPU,xx-TR-xx,1280x720,51.92
16000,APU,AA-xx-RE,1280x720,19.44
16000,GPU,xx-TR-xx,1440x900,10.33
65000,APU,AA-xx-RE,1440x900,44.05
4000,APU,xx-xx-xx,1280x720,4.14
1000,APU,AA-xx-RE,1280x720,6.32
65000,GPU,xx-TR-xx,1280x720,20.29
65000,CPU,xx-xx-xx,1440x900,18.26
4000,GPU,AA-xx-RE,1280x720,13.61
65000,CPU,AA-TR-RE,1280x720,173.41
1000,APU,xx-xx-RE,1920x1080,4.31
65000,CPU,AA-TR-RE,1920x1080,295.08
65000,APU,xx-xx-xx,1440x900,7.10
1000,CPU,xx-TR-xx,1440x900,4.56
65000,CPU,AA-xx-RE,1440x900,127.03
4000,GPU,AA-xx-RE,1920x1080,19.96
1000,CPU,AA-xx-RE,1280x720,16.34
4000,GPU,xx-xx-xx,1280x720,1.69
260000,CPU,xx-TR-RE,1280x720,81.55
1000,CPU,xx-TR-RE,1440x900,4.94
1000,CPU,xx-xx-xx,1920x1080,4.92
4000,GPU,xx-TR-RE,1280x720,5.51
65000,GPU,xx-TR-xx,1440x900,24.62
1000,GPU,xx-TR-xx,1440x900,1.53
1000,APU,xx-xx-xx,1920x1080,4.09
4000,GPU,AA-TR-RE,1440x900,31.93
260000,GPU,xx-xx-xx,1280x720,39.93
65000,APU,AA-TR-RE,1280x720,83.59
4000,APU,xx-TR-RE,1280x720,5.69
1000,APU,AA-TR-xx,1280x720,6.59
260000,CPU,AA-xx-xx,1920x1080,272.66
4000,CPU,AA-xx-xx,1920x1080,40.61
4000,APU,AA-TR-xx,1280x720,10.29
1000,APU,AA-xx-RE,1280x720,6.64
260000,GPU,xx-xx-RE,1280x720,72.18
65000,CPU,AA-xx-RE,1280x720,94.05
16000,CPU,xx-TR-RE,1440x900,26.13
4000,APU,xx-xx-xx,1440x900,4.61
260000,APU,xx-TR-RE,1920x1080,63.86
260000,CPU,AA-xx-xx,1920x1080,272.92
260000,GPU,xx-TR-xx,1920x1080,86.08
260000,CPU,AA-TR-RE,1440x900,515.04
4000,APU,AA-TR-RE,1440x900,19.97
260000,CPU,AA-xx-xx,1920x1080,272.93
16000,GPU,xx-xx-xx,1440x900,4.50
16000,APU,AA-TR-xx,1440x900,23.28
65000,CPU,AA-xx-xx,1280x720,69.50
65000,CPU,xx-TR-xx,1440x900,27.80
260000,CPU,AA-TR-RE,1440x900,515.16
260000,CPU,AA-xx-xx,1920x1080,272.69
65000,APU,xx-xx-xx,1280x720,6.23
260000,CPU,xx-TR-xx,1920x1080,77.41
16000,CPU,xx-TR-RE,1440x900,26.17
260000,APU,AA-xx-xx,1440x900,47.91
260000,CPU,AA-xx-RE,1280x720,239.25
4000,CPU,AA-xx-xx,1920x1080,40.81
16000,APU,xx-xx-RE,1920x1080,8.70
1000,APU,xx-xx-xx,1440x900,3.81
65000,GPU,xx-TR-RE,1920x1080,92.49
16000,CPU,xx-TR-RE,1920x1080,31.20
4000,APU,xx-xx-RE,1440x900,5.03
260000,CPU,xx-TR-RE,1920x1080,127.99
4000,GPU,xx-xx-RE,1280x720,3.02
260000,CPU,xx-xx-RE,1280x720,49.01
260000,CPU,xx-xx-RE,1440x900,61.71
1000,GPU,xx-TR-RE,1920x1080,2.02
16000,APU,AA-TR-RE,1920x1080,65.94
4000,APU,xx-TR-RE,1280x720,5.23
4000,APU,xx-TR-xx,1440x900,5.44
16000,APU,xx-TR-RE,1920x1080,15.10
260000,CPU,xx-TR-xx,1440x900,64.22
260000,APU,xx-xx-RE,1920x1080,28.66
65000,CPU,xx-TR-xx,1920x1080,34.87
16000,GPU,xx-TR-xx,1280x720,8.78
16000,APU,xx-xx-RE,1440x900,7.21
4000,CPU,AA-xx-xx,1440x900,32.48
260000,CPU,xx-xx-RE,1280x720,48.91
65000,APU,xx-xx-xx,1920x1080,8.01
4000,GPU,AA-xx-RE,1920x1080,19.86
4000,CPU,xx-TR-RE,1440x900,10.73
65000,APU,AA-xx-xx,1920x1080,22.74
1000,CPU,AA-xx-xx,1280x720,15.20
4000,GPU,AA-TR-xx,1440x900,17.53
1000,GPU,xx-TR-xx,1920x1080,1.72
16000,CPU,xx-xx-xx,1920x1080,13.13
65000,GPU,xx-TR-RE,1920x1080,92.50
4000,GPU,AA-TR-RE,1280x720,26.42
65000,CPU,AA-xx-xx,1920x1080,114.07
260000,GPU,xx-TR-xx,1440x900,75.85
1000,APU,AA-TR-RE,1280x720,7.75
1000,GPU,xx-xx-RE,1920x1080,1.52
16000,APU,xx-TR-RE,1920x1080,15.48
65000,CPU,AA-TR-xx,1280x720,105.52
260000,GPU,AA-TR-RE,1440x900,1052.99
